Title,Actors
Sinners,Miles CatonSaul WilliamsAndrene Ward-Hammond
Havoc,Tom HardyJessie Mei LiJustin Cornwell
Another Simple Favor,Blake LivelyAnna KendrickAllison Janney
The Accountant 2,Ben AffleckJon BernthalCynthia Addai-Robinson
Conclave,Ralph FiennesStanley TucciJohn Lithgow
Exterritorial,Jeanne GoursaudDougray ScottLera Abova
A Minecraft Movie,Jason MomoaJack BlackSebastian Hansen
Until Dawn,Ella RubinMichael CiminoOdessa A'zion
Drop,Meghann FahyBrandon SklenarViolett Beane
Death of a Unicorn,Jenna OrtegaPaul RuddDavid Pasquesi
A Simple Favor,Anna KendrickBlake LivelyHenry Golding
Weapons,Julia GarnerJosh BrolinToby Huss
Warfare,D'Pharaoh Woon-A-TaiWill PoulterCosmo Jarvis
The Accountant,Ben AffleckAnna KendrickJ.K. Simmons
Snow White,Rachel ZeglerEmilia FaucherGal Gadot
Companion,Sophie ThatcherJack QuaidLukas Gage
Raid 2,Ajay DevgnTamannaah BhatiaJacqueline Fernandez
Black Bag,Michael FassbenderGustaf SkarsgårdCate Blanchett
Ash,Eiza GonzálezAaron PaulIko Uwais
Babygirl,Nicole KidmanHarris DickinsonAntonio Banderas
The Amateur,Rami MalekRachel BrosnahanJon Bernthal
Mickey 17,Robert PattinsonSteven YeunMichael Monroe
Mission: Impossible - The Final Reckoning,Tom CruisePom KlementieffHayley Atwell
Star Wars: Episode III - Revenge of the Sith,Hayden ChristensenNatalie PortmanEwan McGregor
Anora,Mikey MadisonPaul WeissmanYura Borisov
Final Destination: Bloodlines,April TelekTony ToddBrec Bassinger
Rust,Alec BaldwinJosh HopkinsPatrick Scott McDermott
Freaky Tales,Pedro PascalBen MendelsohnJay Ellis
The Four Seasons,Alan AldaCarol BurnettLen Cariou
Captain America: Brave New World,Anthony MackieHarrison FordDanny Ramirez
A Working Man,Jason StathamJason FlemyngMerab Ninidze
A Complete Unknown,Timothée ChalametEdward NortonElle Fanning
Gladiator II,Paul MescalDenzel WashingtonPedro Pascal
Nosferatu,Lily-Rose DeppNicholas HoultBill Skarsgård
The Substance,Demi MooreMargaret QualleyDennis Quaid
Bullet Train Explosion,Tsuyoshi KusanagiKanata HosodaNon
iHostage,Soufiane MoussouliAdmir SehovicEmmanuel Ohene Boafo
Neighborhood Watch,Jack QuaidJeffrey Dean MorganMalin Akerman
Heretic,Hugh GrantSophie ThatcherChloe East
The Monkey,Theo JamesTatiana MaslanyChristian Convery
The Surfer,Nicolas CageFinn LittleRahel Romahn
Locked,Bill SkarsgårdAnthony HopkinsAshley Cartwright
Winter Spring Summer or Fall,Jenna OrtegaPercy Hynes WhiteAdam Rodriguez
The Gorge,Miles TellerAnya Taylor-JoySigourney Weaver
Gladiator,Russell CroweJoaquin PhoenixConnie Nielsen
Novocaine,Jack QuaidAmber MidthunderRay Nicholson
Pride & Prejudice,Keira KnightleyMatthew MacfadyenBrenda Blethyn
The Life List,Sofia CarsonKyle AllenSebastian De Souza
Rogue One: A Star Wars Story,Felicity JonesDiego LunaAlan Tudyk
28 Years Later,Jack O'ConnellRalph FiennesAaron Taylor-Johnson
Together,Dave FrancoAlison BrieDamon Herriman
The Shawshank Redemption,Tim RobbinsMorgan FreemanBob Gunton
G20,Viola DavisAnthony AndersonRamón Rodríguez
Jewel Thief: The Heist Begins,Jaideep AhlawatGagan AroraIvana Brcan
The Order,Jude LawNicholas HoultTye Sheridan
Last Breath,Woody HarrelsonSimu LiuFinn Cole
The Electric State,Chris PrattMillie Bobby BrownWoody Harrelson
Lilo & Stitch,Billy MagnussenHannah WaddinghamTia Carrere
Now You See Me,Jesse EisenbergCommonMark Ruffalo
Den of Thieves: Pantera,Gerard ButlerO'Shea Jackson Jr.Evin Ahmad
How to Train Your Dragon,Mason ThamesNico ParkerGerard Butler
Oppenheimer,Cillian MurphyEmily BluntMatt Damon
The Friend,Bill MurrayNaomi WattsCloé Xhauflaire
Wicked,Cynthia ErivoAriana GrandeJeff Goldblum
The King of Kings,Pierce BrosnanForest WhitakerUma Thurman
The Brutalist,Adrien BrodyFelicity JonesGuy Pearce
Cleaner,Poppy Townsend WhiteClive OwenDudley Watts
Interstellar,Matthew McConaugheyAnne HathawayJessica Chastain
The Godfather,Marlon BrandoAl PacinoJames Caan
Barbarian,Georgina CampbellBill SkarsgårdJustin Long
Black Widow,Scarlett JohanssonFlorence PughDavid Harbour
The Penguin Lessons,Steve CooganJonathan PryceBruno Blas
From the World of John Wick: Ballerina,Ana de ArmasKeanu ReevesLance Reddick
Twisters,Daisy Edgar-JonesGlen PowellAnthony Ramos
The Two Popes,Jonathan PryceAnthony HopkinsJuan Minujín
Once Upon a Time... in Hollywood,Leonardo DiCaprioBrad PittMargot Robbie
Top Gun: Maverick,Tom CruiseJennifer ConnellyMiles Teller
Mufasa: The Lion King,Aaron PierreKelvin Harrison Jr.Tiffany Boone
Salvable,Shia LaBeoufToby KebbellJames Cosmo
The Legend of Ochi,Helena ZengelWillem DafoeEmily Watson
Kesari Chapter 2: The Untold Story of Jallianwala Bagh,Akshay KumarMadhavanAnanya Panday
Tombstone,Kurt RussellVal KilmerSam Elliott
Kraven the Hunter,Aaron Taylor-JohnsonAriana DeBoseFred Hechinger
The Commitments,Robert ArkinsMichael AherneAngeline Ball
Deadpool & Wolverine,Ryan ReynoldsHugh JackmanEmma Corrin
The Dark Knight,Christian BaleHeath LedgerAaron Eckhart
Trap,Josh HartnettAriel DonoghueSaleka Shyamalan
Inception,Leonardo DiCaprioJoseph Gordon-LevittElliot Page
Karate Kid: Legends,Joshua JacksonJackie ChanRalph Macchio
Deep Cover,Bryce Dallas HowardPaddy ConsidineSean Bean
A Real Pain,Kieran CulkinJesse EisenbergOlha Bosova
Speak No Evil,James McAvoyMackenzie DavisScoot McNairy
Love,Aomi MuyockKarl GlusmanKlara Kristin
Jurassic World Rebirth,Scarlett JohanssonRupert FriendJonathan Bailey
Star Wars: Episode IV - A New Hope,Mark HamillHarrison FordCarrie Fisher
Fear Street: Prom Queen,Ariana GreenblattElla RubinKatherine Waterston
Den of Thieves,Gerard ButlerPablo SchreiberO'Shea Jackson Jr.
Mission: Impossible - Dead Reckoning Part One,Tom CruiseHayley AtwellVing Rhames
Inglourious Basterds,Brad PittDiane KrugerEli Roth
Alien: Romulus,Cailee SpaenyDavid JonssonArchie Renaux
Harry Potter and the Sorcerer's Stone,Daniel RadcliffeRupert GrintEmma Watson
Titanic,Leonardo DiCaprioKate WinsletBilly Zane
Pulp Fiction,John TravoltaUma ThurmanSamuel L. Jackson
The Wild Robot,Lupita Nyong'oPedro PascalKit Connor
Lolita,Jeremy IronsDominique SwainMelanie Griffith
Mysterious Island,Michael CraigJoan GreenwoodMichael Callan
The Lord of the Rings: The Fellowship of the Ring,Elijah WoodIan McKellenOrlando Bloom
Final Destination,Devon SawaAli LarterKerr Smith
Virgin Territory,Hayden ChristensenMischa BartonRyan Cartwright
Now You See Me 2,Jesse EisenbergMark RuffaloWoody Harrelson
The Wolf of Wall Street,Leonardo DiCaprioJonah HillMargot Robbie
Star Wars: Episode I - The Phantom Menace,Ewan McGregorLiam NeesonNatalie Portman
Dune: Part Two,Timothée ChalametZendayaRebecca Ferguson
Avengers: Endgame,Robert Downey Jr.Chris EvansMark Ruffalo
The Hunger Games,Jennifer LawrenceJosh HutchersonLiam Hemsworth
The Bhootnii,Sanjay DuttSunny SinghMouni Roy
Heat,Al PacinoRobert De NiroVal Kilmer
The Truman Show,Jim CarreyEd HarrisLaura Linney
Retro,SuriyaPooja HegdeJayaram
Fight or Flight,Josh HartnettCharithra ChandranKatee Sackhoff
Flow,
The Alto Knights,Robert De NiroDebra MessingKathrine Narducci
Screamboat,Tyler PoseyDavid Howard ThorntonSarah Kopkin
The Woman in the Yard,Danielle DeadwylerOkwui OkpokwasiliPeyton Jackson
Moana 2,Auli'i CravalhoDwayne JohnsonHualalai Chung
The Ugly Stepsister,Lea MyrenAne Dahl TorpThea Sofie Loch Næss
Sonic the Hedgehog 3,Jim CarreyBen SchwartzKeanu Reeves
X,Mia GothJenna OrtegaBrittany Snow
Wolf Man,Christopher AbbottJulia GarnerMatilda Firth
Fight Club,Brad PittEdward NortonMeat Loaf
In the Lost Lands,Milla JovovichDave BautistaArly Jover
The Silence of the Lambs,Jodie FosterAnthony HopkinsScott Glenn
No Hard Feelings,Jennifer LawrenceAndrew Barth FeldmanLaura Benanti
The Hunger Games: The Ballad of Songbirds & Snakes,Rachel ZeglerTom BlythViola Davis
"Sorry, Baby",Eva VictorNaomi AckieLouis Cancelmi
Parasite,Song Kang-hoLee Sun-kyunCho Yeo-jeong
Schindler's List,Liam NeesonRalph FiennesBen Kingsley
Fountain of Youth,Eiza GonzálezNatalie PortmanStanley Tucci
Midsommar,Florence PughJack ReynorVilhelm Blomgren
Civil War,Kirsten DunstWagner MouraCailee Spaeny
Goodfellas,Robert De NiroRay LiottaJoe Pesci
Smile 2,Naomi ScottRosemarie DeWittLukas Gage
Parthenope,Celeste Dalla PortaStefania SandrelliGary Oldman
Clown in a Cornfield,Katie DouglasAaron AbramsCarson MacCormac
Dazed and Confused,Jason LondonWiley WigginsMatthew McConaughey
Se7en,Morgan FreemanBrad PittKevin Spacey
I'm Still Here,Fernanda TorresFernanda MontenegroSelton Mello
The Life of Chuck,Carla GuginoKaren GillanViolet McGraw
The Princess Bride,Cary ElwesMandy PatinkinRobin Wright
Primal Fear,Richard GereLaura LinneyEdward Norton
Magazine Dreams,Jonathan MajorsHarrison PageHarriet Sansom Harris
Anyone But You,Sydney SweeneyGlen PowellAlexandra Shipp
28 Days Later,Cillian MurphyNaomie HarrisChristopher Eccleston
Forrest Gump,Tom HanksRobin WrightGary Sinise
Longlegs,Maika MonroeNicolas CageBlair Underwood
Poor Things,Emma StoneMark RuffaloWillem Dafoe
It Ends with Us,Blake LivelyJustin BaldoniJenny Slate
The Phoenician Scheme,Benicio Del ToroMia ThreapletonMichael Cera
The Ministry of Ungentlemanly Warfare,Henry CavillAlan RitchsonAlex Pettyfer
We Live in Time,Andrew GarfieldFlorence PughGrace Delaney
The Shrouds,Vincent CasselDiane KrugerGuy Pearce
365 Days,Anna-Maria SiekluckaMichele MorroneBronislaw Wroclawski
The Prestige,Christian BaleHugh JackmanScarlett Johansson
The Return,Charlie PlummerMarwan KenzariClaudio Santamaria
Jurassic Park,Sam NeillLaura DernJeff Goldblum
Mission: Impossible,Tom CruiseJon VoightEmmanuelle Béart
On Swift Horses,Daisy Edgar-JonesJacob ElordiWill Poulter
Fifty Shades of Grey,Dakota JohnsonJamie DornanJennifer Ehle
The Batman,Robert PattinsonZoë KravitzJeffrey Wright
The Dark Knight Rises,Christian BaleTom HardyAnne Hathaway
Superboys of Malegaon,Adarsh GouravShashank AroraVineet Kumar Singh
Friendship,Tim RobinsonPaul RuddKate Mara
Raiders of the Lost Ark,Harrison FordKaren AllenPaul Freeman
Jaat,Sunny DeolRandeep HoodaRegena Cassandrra
Django Unchained,Jamie FoxxChristoph WaltzLeonardo DiCaprio
Venom: The Last Dance,Tom HardyChiwetel EjioforJuno Temple
Spider-Man: Across the Spider-Verse,Shameik MooreHailee SteinfeldBrian Tyree Henry
From Dusk Till Dawn,Harvey KeitelGeorge ClooneyJuliette Lewis
Heart Eyes,Mason GoodingOlivia HoltGigi Zumbado
The Matrix,Keanu ReevesLaurence FishburneCarrie-Anne Moss
American Pie,Jason BiggsChris KleinThomas Ian Nicholas
Batman Begins,Christian BaleMichael CaineKen Watanabe
The Departed,Leonardo DiCaprioMatt DamonJack Nicholson
The Gentlemen,Matthew McConaugheyCharlie HunnamMichelle Dockery
Twilight,Kristen StewartRobert PattinsonBilly Burke
,
HIT: The 3rd Case,NaniSrinidhi ShettyAdivi Sesh
Prey,Amber MidthunderDakota BeaversDane DiLiegro
The Apprentice,Sebastian StanJeremy StrongMartin Donovan
Holland,Nicole KidmanGael García BernalMatthew Macfadyen
Juror #2,Nicholas HoultToni ColletteJ.K. Simmons
Gone Girl,Ben AffleckRosamund PikeNeil Patrick Harris
Borbaad,Shakib KhanJisshu SenguptaIdhika Paul
Back to the Future,Michael J. FoxChristopher LloydLea Thompson
Grease,John TravoltaOlivia Newton-JohnStockard Channing
The Goonies,Sean AstinJosh BrolinJeff Cohen
The Assessment,Alicia VikanderElizabeth OlsenHimesh Patel
Furiosa: A Mad Max Saga,Anya Taylor-JoyChris HemsworthTom Burke
Blade Runner 2049,Harrison FordRyan GoslingAna de Armas
Whiplash,Miles TellerJ.K. SimmonsMelissa Benoist
Requiem for a Dream,Ellen BurstynJared LetoJennifer Connelly
Star Wars: Episode II - Attack of the Clones,Hayden ChristensenNatalie PortmanEwan McGregor
The Passion of the Christ,Jim CaviezelMonica BellucciMaia Morgenstern
Alien,Sigourney WeaverTom SkerrittJohn Hurt
Léon: The Professional,Jean RenoGary OldmanNatalie Portman
Adult Best Friends,Delaney BuffettHannah CampbellCarmen Christopher
The Notebook,Gena RowlandsJames GarnerRachel McAdams
Good Will Hunting,Robin WilliamsMatt DamonBen Affleck
No Country for Old Men,Tommy Lee JonesJavier BardemJosh Brolin
Spider-Man: No Way Home,Tom HollandZendayaBenedict Cumberbatch
Matilda,Danny DeVitoRhea PerlmanMara Wilson
Wrath of Man,Jason StathamHolt McCallanyJosh Hartnett
Blink Twice,Naomi AckieChanning TatumAlia Shawkat
Flight Risk,Michelle DockeryMark WahlbergTopher Grace
Hell of a Summer,Adam PallyRosebud BakerFred Hechinger
Leave the World Behind,Julia RobertsMahershala AliEthan Hawke
Thudarum,MohanlalShobanaPrakash Varma
All Ladies Do It,Claudia KollPaolo LanzaFranco Branciaroli
Strange Darling,Willa FitzgeraldKyle GallnerMadisen Beaty
Megalopolis,Adam DriverGiancarlo EspositoNathalie Emmanuel
Pirates of the Caribbean: The Curse of the Black Pearl,Johnny DeppGeoffrey RushOrlando Bloom
Avengers: Infinity War,Robert Downey Jr.Chris HemsworthMark Ruffalo
Donnie Darko,Jake GyllenhaalJena MaloneMary McDonnell
Prisoners,Hugh JackmanJake GyllenhaalViola Davis
The Dreamers,Michael PittLouis GarrelEva Green
Top Gun,Tom CruiseTim RobbinsKelly McGillis
Hurry Up Tomorrow,The WeekndJenna OrtegaBarry Keoghan
Paul,Simon PeggNick FrostSeth Rogen
Barbie,Margot RobbieRyan GoslingIssa Rae
Life or Something Like It,Angelina JolieEdward BurnsTony Shalhoub
Scarface,Al PacinoMichelle PfeifferSteven Bauer
Chhaava,Vicky KaushalAkshaye KhannaRashmika Mandanna
American Beauty,Kevin SpaceyAnnette BeningThora Birch
In Secret,Elizabeth OlsenTom FeltonJessica Lange
Apocalypse Now,Martin SheenMarlon BrandoRobert Duvall
Kingdom of Heaven,Orlando BloomEva GreenLiam Neeson
All That Jazz,Roy ScheiderJessica LangeAnn Reinking
Oldboy,Choi Min-sikYoo Ji-taeKang Hye-jeong
The Count of Monte-Cristo,Pierre NineyBastien BouillonAnaïs Demoustier
Incendies,Lubna AzabalMélissa Désormeaux-PoulinMaxim Gaudette
Predator: Killer of Killers,Michael BiehnRick GonzalezLouis Ozawa
Romeo + Juliet,Leonardo DiCaprioClaire DanesJohn Leguizamo
Nope,Daniel KaluuyaKeke PalmerBrandon Perea
Star Wars: Episode V - The Empire Strikes Back,Mark HamillHarrison FordCarrie Fisher
Mean Girls,Lindsay LohanJonathan BennettRachel McAdams
Hereditary,Toni ColletteMilly ShapiroGabriel Byrne
Dune: Part One,Timothée ChalametRebecca FergusonZendaya
Snatch,Jason StathamBrad PittStephen Graham
Azrael,Vic Carmen SonneSamara WeavingNathan Stewart-Jarrett
My Fault: London,Asha BanksMatthew BroomeEve Macklin
Rosario,Emeraude ToubiaJosé ZúñigaDavid Dastmalchian
Deep Water,Ben AffleckAna de ArmasTracy Letts
Crazxy,Sohum ShahShilpa ShuklaNimisha Sajayan
Twister,Helen HuntBill PaxtonJami Gertz
Eternal Sunshine of the Spotless Mind,Jim CarreyKate WinsletTom Wilkinson
The Handmaiden,Kim Min-heeHa Jung-wooCho Jin-woong
Small Things Like These,Cillian MurphyEileen WalshEmily Watson
Paddington in Peru,Hugh BonnevilleEmily MortimerBen Whishaw
The Beekeeper,Jason StathamEmmy Raver-LampmanBobby Naderi
Bullet Train,Brad PittJoey KingAaron Taylor-Johnson
"Salò, or the 120 Days of Sodom",Paolo BonacelliGiorgio CataldiUberto Paolo Quintavalle
12 Angry Men,Henry FondaLee J. CobbMartin Balsam
Materialists,Dakota JohnsonChris EvansPedro Pascal
John Wick,Keanu ReevesMichael NyqvistAlfie Allen
Pitch Perfect,Anna KendrickBrittany SnowRebel Wilson
Guardians of the Galaxy Vol. 3,Chris PrattChukwudi IwujiBradley Cooper
Talk to Me,Ari McCarthyHamish PhillipsKit Erhart-Bruce
The Biggest Fan,Kate del CastilloDiana BovioGabriel Nuncio
Saving Private Ryan,Tom HanksMatt DamonTom Sizemore
"Crazy, Stupid, Love.",Steve CarellRyan GoslingJulianne Moore
Murder at Yellowstone City,Isaiah MustafaZach McGowanThomas Jane
Knives Out,Daniel CraigChris EvansAna de Armas
Road House,Jake GyllenhaalDaniela MelchiorConor McGregor
Everything Everywhere All at Once,Michelle YeohStephanie HsuJamie Lee Curtis
Eden,Jude LawAna de ArmasVanessa Kirby
MaXXXine,Charley Rowan McCainSimon PrastMia Goth
V for Vengeance,Jocelyn HudonGrace Van DienPauline Dyer
The Town,Ben AffleckRebecca HallJon Hamm
Guardians of the Galaxy,Chris PrattVin DieselBradley Cooper
Eyes Wide Shut,Tom CruiseNicole KidmanTodd Field
Fall,Grace Caroline CurreyVirginia GardnerMason Gooding
The Breakfast Club,Emilio EstevezJudd NelsonMolly Ringwald
Tropic Thunder,Ben StillerJack BlackRobert Downey Jr.
The Green Mile,Tom HanksMichael Clarke DuncanDavid Morse
Get Out,Daniel KaluuyaAllison WilliamsBradley Whitford
Dog Man,Pete DavidsonPoppy LiuLil Rel Howery
Green Book,Viggo MortensenMahershala AliLinda Cardellini
It,Bill SkarsgårdJaeden MartellFinn Wolfhard
The Lord of the Rings: The Return of the King,Elijah WoodViggo MortensenIan McKellen
10 Things I Hate About You,Heath LedgerJulia StilesJoseph Gordon-Levitt
Bone Tomahawk,Kurt RussellPatrick WilsonMatthew Fox
Carry-On,Taron EgertonJason BatemanSofia Carson
Kingsman: The Secret Service,Colin FirthTaron EgertonSamuel L. Jackson
The Fall Guy,Ryan GoslingEmily BluntAaron Taylor-Johnson
Presence,Lucy LiuChris SullivanCallina Liang
Avatar: Fire and Ash,Kate WinsletZoe SaldañaSigourney Weaver
Suicide Squad,Will SmithJared LetoMargot Robbie
John Wick: Chapter 4,Keanu ReevesLaurence FishburneGeorge Georgiou
Where the Crawdads Sing,Daisy Edgar-JonesTaylor John SmithHarris Dickinson
How to Train Your Dragon,Jay BaruchelGerard ButlerChristopher Mintz-Plasse
Ed Kemper,Lew TempleCassandra GavaBrandon Kirk
Terminator 2: Judgment Day,Arnold SchwarzeneggerLinda HamiltonEdward Furlong
Annihilation,Natalie PortmanJennifer Jason LeighTessa Thompson
Deep Impact,Robert DuvallTéa LeoniElijah Wood
Saturday Night,Gabriel LaBelleRachel SennottCory Michael Smith
The Usual Suspects,Kevin SpaceyGabriel ByrneChazz Palminteri
Catch Me If You Can,Leonardo DiCaprioTom HanksChristopher Walken
Sin City,Mickey RourkeClive OwenBruce Willis
Sicario,Emily BluntJosh BrolinBenicio Del Toro
Killers of the Flower Moon,Leonardo DiCaprioRobert De NiroLily Gladstone
Bring Her Back,Sally HawkinsBilly BarrattJonah Wren Phillips
"The Good, the Bad and the Ugly",Clint EastwoodEli WallachLee Van Cleef
Iron Man,Robert Downey Jr.Gwyneth PaltrowTerrence Howard
Thor: Love and Thunder,Chris HemsworthNatalie PortmanChristian Bale
Mad Max: Fury Road,Tom HardyCharlize TheronNicholas Hoult
Queer,Daniel CraigDaan de WitJason Schwartzman
Taxi Driver,Robert De NiroJodie FosterCybill Shepherd
Dungeons & Dragons: Honor Among Thieves,Chris PineMichelle RodriguezRegé-Jean Page
Hit Man,Glen PowellAdria ArjonaAustin Amelio
Don't Worry Darling,Florence PughHarry StylesChris Pine
Star Wars: Episode VI - Return of the Jedi,Mark HamillHarrison FordCarrie Fisher
Irreversible,Monica BellucciVincent CasselAlbert Dupontel
Star Wars: Episode VII - The Force Awakens,Daisy RidleyJohn BoyegaOscar Isaac
Scorned,Andrew StevensShannon TweedKim Morgan Greene
Terrifier 3,Lauren LaVeraDavid Howard ThorntonAntonella Rose
Black Panther,Chadwick BosemanMichael B. JordanLupita Nyong'o
Fast Times at Ridgemont High,Sean PennJennifer Jason LeighJudge Reinhold
Shutter Island,Leonardo DiCaprioEmily MortimerMark Ruffalo
Past Lives,Greta LeeTeo YooJohn Magaro
The Iron Claw,Zac EfronJeremy Allen WhiteHarris Dickinson
Abigail,Melissa BarreraDan StevensAlisha Weir
Clueless,Alicia SilverstoneStacey DashBrittany Murphy
The Outsiders,C. Thomas HowellMatt DillonRalph Macchio
The Man from Earth,David Lee SmithTony ToddJohn Billingsley
It Feeds,Ashley GreeneEllie O'BrienShawn Ashmore
Jaws,Roy ScheiderRobert ShawRichard Dreyfuss
City of God,Alexandre RodriguesLeandro FirminoMatheus Nachtergaele
Spirited Away,Daveigh ChaseSuzanne PleshetteMiyu Irino
Day of Reckoning,Zach RoerigBilly ZaneCara Jade Myers
Watchmen,Jackie Earle HaleyPatrick WilsonCarla Gugino
Blade Runner,Harrison FordRutger HauerSean Young
Spider-Man,Tobey MaguireKirsten DunstWillem Dafoe
Better Man,Robbie WilliamsJonno DaviesSteve Pemberton
Teenage Mutant Ninja Turtles: The Rise of Leo,Brandon TateDarren ColeDoug Halpern
The Godfather Part II,Al PacinoRobert De NiroRobert Duvall
The Terminator,Arnold SchwarzeneggerLinda HamiltonMichael Biehn
Subservience,Megan FoxMichele MorroneMadeline Zima
Indiana Jones and the Last Crusade,Harrison FordSean ConneryAlison Doody
There Will Be Blood,Daniel Day-LewisPaul DanoCiarán Hinds
Shadow Force,Kerry WashingtonOmar SyJahleel Kamara
The Help,Viola DavisEmma StoneOctavia Spencer
Mission: Impossible - Fallout,Tom CruiseHenry CavillVing Rhames
Her,Joaquin PhoenixAmy AdamsScarlett Johansson
Memento,Guy PearceCarrie-Anne MossJoe Pantoliano
Ford v Ferrari,Matt DamonChristian BaleJon Bernthal
One Battle After Another,Leonardo DiCaprioBenicio Del ToroSean Penn
Marching Powder,Geoff BellDanny DyerStephanie Leonidas
Harry Potter and the Goblet of Fire,Daniel RadcliffeEmma WatsonRupert Grint
Back in Action,Jamie FoxxCameron DiazMcKenna Roberts
The Hunger Games: Catching Fire,Jennifer LawrenceJosh HutchersonLiam Hemsworth
Star Wars: Episode IX - The Rise of Skywalker,Daisy RidleyJohn BoyegaOscar Isaac
Aliens,Sigourney WeaverMichael BiehnCarrie Henn
Jurassic World Dominion,Chris PrattBryce Dallas HowardLaura Dern
Havoc,Anne HathawayBijou PhillipsShiri Appleby
One of Them Days,Keke PalmerSZAVanessa Bell Calloway
Y2K,Jaeden MartellRachel ZeglerJulian Dennison
Hell or High Water,Chris PineBen FosterJeff Bridges
The Northman,Alexander SkarsgårdNicole KidmanClaes Bang
One Flew Over the Cuckoo's Nest,Jack NicholsonLouise FletcherMichael Berryman
Legend,Tom HardyEmily BrowningTaron Egerton
Casablanca,Humphrey BogartIngrid BergmanPaul Henreid
Elevation,Anthony MackieMorena BaccarinMaddie Hasson
Predator,Arnold SchwarzeneggerCarl WeathersKevin Peter Hall
Just Go with It,Adam SandlerJennifer AnistonBrooklyn Decker
The Thing,Kurt RussellWilford BrimleyKeith David
The Menu,Ralph FiennesAnya Taylor-JoyNicholas Hoult
The Shining,Jack NicholsonShelley DuvallDanny Lloyd
Independence Day,Will SmithBill PullmanJeff Goldblum
Superbad,Michael CeraJonah HillChristopher Mintz-Plasse
The Super Mario Bros. Movie,Chris PrattAnya Taylor-JoyCharlie Day
Arrival,Amy AdamsJeremy RennerForest Whitaker
I Know What You Did Last Summer,Jennifer Love HewittSarah Michelle GellarAnne Heche
Final Destination 2,A.J. CookAli LarterTony Todd
Borderlands,Cate BlanchettKevin HartEdgar Ramírez
Oddity,Carolyn BrackenGwilym LeeSteve Wall
Wolfs,George ClooneyBrad PittAmy Ryan
There's Something About Mary,Cameron DiazMatt DillonBen Stiller
The Beach,Leonardo DiCaprioTilda SwintonDaniel York Loh
The Equalizer,Denzel WashingtonMarton CsokasChloë Grace Moretz
Full Metal Jacket,Matthew ModineR. Lee ErmeyVincent D'Onofrio
Mission: Impossible - Ghost Protocol,Tom CruiseJeremy RennerSimon Pegg
Mob Land,Shiloh FernandezJohn TravoltaKevin Dillon
Eddington,Joaquin PhoenixPedro PascalEmma Stone
American History X,Edward NortonEdward FurlongBeverly D'Angelo
Bonjour Tristesse,Chloë SevignyLily McInernyClaes Bang
Beetlejuice Beetlejuice,Michael KeatonWinona RyderCatherine O'Hara
The Big Lebowski,Jeff BridgesJohn GoodmanJulianne Moore
The Big Short,Christian BaleSteve CarellRyan Gosling
Cars,Owen WilsonBonnie HuntPaul Newman
The Bikeriders,Austin ButlerJodie ComerTom Hardy
Blue Is the Warmest Colour,Léa SeydouxAdèle ExarchopoulosSalim Kechiouche
Eternals,Gemma ChanRichard MaddenAngelina Jolie
Nymphomaniac: Vol. I,Charlotte GainsbourgStellan SkarsgårdStacy Martin
Baby Driver,Ansel ElgortJon BernthalJon Hamm
The Sixth Sense,Bruce WillisHaley Joel OsmentToni Collette
Atonement,Keira KnightleyJames McAvoyBrenda Blethyn
The Avengers,Robert Downey Jr.Chris EvansScarlett Johansson
Asteroid City,Jason SchwartzmanScarlett JohanssonTom Hanks
Ocean's Eleven,George ClooneyBrad PittJulia Roberts
Mulholland Drive,Naomi WattsLaura HarringJustin Theroux
Troy,Brad PittEric BanaOrlando Bloom
American Sniper,Bradley CooperSienna MillerKyle Gallner
Braveheart,Mel GibsonSophie MarceauPatrick McGoohan
Vanilla Sky,Tom CruisePenélope CruzCameron Diaz
The Grand Budapest Hotel,Ralph FiennesF. Murray AbrahamMathieu Amalric
Captain America: The First Avenger,Chris EvansHugo WeavingSamuel L. Jackson
Challengers,Mike FaistJosh O'ConnorZendaya
Mission: Impossible II,Tom CruiseDougray ScottThandiwe Newton
The Lion King,Matthew BroderickJeremy IronsJames Earl Jones
Crimes of the Future,Viggo MortensenLéa SeydouxKristen Stewart
The Suicide Squad,Margot RobbieIdris ElbaJohn Cena
Babylon,Brad PittMargot RobbieJean Smart
Paprika,Debora CaprioglioStéphane FerraraMartine Brochard
Kill Bill: Vol. 1,Uma ThurmanDavid CarradineDaryl Hannah
The Hangover,Zach GalifianakisBradley CooperJustin Bartha
La La Land,Ryan GoslingEmma StoneRosemarie DeWitt
Kindergarten Cop,Arnold SchwarzeneggerPenelope Ann MillerPamela Reed
28 Weeks Later,Jeremy RennerRose ByrneRobert Carlyle
Operation Fortune: Ruse de Guerre,Jason StathamAubrey PlazaCary Elwes
Dead Poets Society,Robin WilliamsRobert Sean LeonardEthan Hawke
Napoleon Dynamite,Jon HederEfren RamirezJon Gries
The Devil's Advocate,Keanu ReevesAl PacinoCharlize Theron
Happy Gilmore,Adam SandlerChristopher McDonaldJulie Bowen
Lee,Kate WinsletAndy SambergAlexander Skarsgård
Pearl,Mia GothDavid CorenswetTandi Wright
Airplane!,Robert HaysJulie HagertyLeslie Nielsen
Homestead,Iñigo PascualMark LabellaSusan Misner
Ready Player One,Tye SheridanOlivia CookeBen Mendelsohn
Ready or Not,Samara WeavingAdam BrodyMark O'Brien
Malena,Monica BellucciGiuseppe SulfaroLuciano Federico
The Heartbreak Kid,Ben StillerMichelle MonaghanMalin Akerman
Stand by Me,Wil WheatonRiver PhoenixCorey Feldman
Reservoir Dogs,Harvey KeitelTim RothMichael Madsen
Star Trek: Section 31,Michelle YeohOmari HardwickSam Richardson
Jumanji,Robin WilliamsKirsten DunstBonnie Hunt
Saltburn,Barry KeoghanJacob ElordiRosamund Pike
Mission: Impossible III,Tom CruiseMichelle MonaghanVing Rhames
Alita: Battle Angel,Rosa SalazarChristoph WaltzJennifer Connelly
Culpa Mía,Nicole WallaceGabriel GuevaraMarta Hazas
The Room Next Door,Julianne MooreTilda SwintonJohn Turturro
Manchester by the Sea,Casey AffleckMichelle WilliamsKyle Chandler
Court - State Vs. A Nobody,Priyadarshi PulikondaHarsh RoshanRohini
The Equalizer 3,Denzel WashingtonDakota FanningEugenio Mastrandrea
War of the Worlds,Tom CruiseDakota FanningTim Robbins
The Raid: Redemption,Iko UwaisAnanda GeorgeRay Sahetapy
Almost Famous,Billy CrudupPatrick FugitKate Hudson
The Fifth Element,Bruce WillisMilla JovovichGary Oldman
Transformers,Shia LaBeoufMegan FoxJosh Duhamel
Black Panther: Wakanda Forever,Letitia WrightLupita Nyong'oDanai Gurira
Woman of the Hour,Anna KendrickDaniel ZovattoTony Hale
Tron: Legacy,Jeff BridgesGarrett HedlundOlivia Wilde
Madame Web,Dakota JohnsonSydney SweeneyIsabela Merced
Totally Killer,Kiernan ShipkaOlivia HoltCharlie Gillespie
Smile,Sosie BaconJessie T. UsherKyle Gallner
Harry Potter and the Deathly Hallows: Part 2,Daniel RadcliffeEmma WatsonRupert Grint
Interview with the Vampire,Brad PittTom CruiseAntonio Banderas
Final Destination 3,Mary Elizabeth WinsteadRyan MerrimanKris Lemche
Black Swan,Natalie PortmanMila KunisVincent Cassel
Constantine,Keanu ReevesRachel WeiszDjimon Hounsou
Little Women,Saoirse RonanEmma WatsonFlorence Pugh
Idiocracy,Luke WilsonMaya RudolphDax Shepard
Red Eye,Rachel McAdamsCillian MurphyBrian Cox
Megan Is Missing,Amber PerkinsRachel QuinnDean Waite
Nobody,Bob OdenkirkAleksey SerebryakovConnie Nielsen
Joker,Joaquin PhoenixRobert De NiroZazie Beetz
The Karate Kid,Ralph MacchioPat MoritaElisabeth Shue
Indiana Jones and the Temple of Doom,Harrison FordKate CapshawKe Huy Quan
The Girl Next Door,Emile HirschElisha CuthbertTimothy Olyphant
1917,Dean-Charles ChapmanGeorge MacKayDaniel Mays
Grown Ups,Adam SandlerSalma HayekKevin James
The Voyeurs,Sydney SweeneyJustice SmithBen Hardy
Death Becomes Her,Meryl StreepBruce WillisGoldie Hawn
Avatar,Sam WorthingtonZoe SaldañaSigourney Weaver
Legally Blonde,Reese WitherspoonLuke WilsonSelma Blair
EuroTrip,Scott MechlowiczJacob PittsMichelle Trachtenberg
Fargo,William H. MacyFrances McDormandSteve Buscemi
Stargate,Kurt RussellJames SpaderJaye Davidson
The Mummy,Brendan FraserRachel WeiszJohn Hannah
Dora and the Lost City of Gold,Isabela MercedEugenio DerbezMichael Peña
Clue,Eileen BrennanTim CurryMadeline Kahn
Once Upon a Time in America,Robert De NiroJames WoodsElizabeth McGovern
The Gift,Jason BatemanRebecca HallJoel Edgerton
Rush,Daniel BrühlChris HemsworthOlivia Wilde
Avatar: The Way of Water,Sam WorthingtonZoe SaldañaSigourney Weaver
The Final Destination,Nick ZanoKrista AllenAndrew Fiscella
Rebel Ridge,Aaron PierreDon JohnsonAnnaSophia Robb
Bridget Jones: Mad About the Boy,Renée ZellwegerChiwetel EjioforLeo Woodall
The Comeback Trail,Robert De NiroTommy Lee JonesMorgan Freeman
The Hateful Eight,Samuel L. JacksonKurt RussellJennifer Jason Leigh
2001: A Space Odyssey,Keir DulleaGary LockwoodWilliam Sylvester
The Covenant,Jake GyllenhaalDar SalimSean Sagar
True Grit,Jeff BridgesMatt DamonHailee Steinfeld
Memories of Murder,Song Kang-hoKim Sang-kyungKim Roe-ha
Tenet,John David WashingtonRobert PattinsonElizabeth Debicki
Indiana Jones and the Dial of Destiny,Harrison FordPhoebe Waller-BridgeAntonio Banderas
Divergent,Shailene WoodleyTheo JamesKate Winslet
Hallow Road,Rosamund PikeMatthew RhysMegan McDonnell
The Smashing Machine,
Fruitvale Station,Michael B. JordanMelonie DiazOctavia Spencer
A Time to Kill,Matthew McConaugheySandra BullockSamuel L. Jackson
Prometheus,Noomi RapaceLogan Marshall-GreenMichael Fassbender
Casino,Robert De NiroSharon StoneJoe Pesci
Joker: Folie à Deux,Joaquin PhoenixLady GagaBrendan Gleeson
Uncle Buck,John CandyMacaulay CulkinJean Louisa Kelly
Unforgiven,Clint EastwoodGene HackmanMorgan Freeman
Willow,Val KilmerJoanne WhalleyWarwick Davis
Me Before You,Emilia ClarkeSam ClaflinJanet McTeer
500 Days of Summer,Zooey DeschanelJoseph Gordon-LevittGeoffrey Arend
Scream,Neve CampbellCourteney CoxDavid Arquette
Us,Lupita Nyong'oWinston DukeElisabeth Moss
The Secret Life of Walter Mitty,Ben StillerKristen WiigJon Daly
Mr. Nobody,Jared LetoSarah PolleyDiane Kruger
Lilo & Stitch,Daveigh ChaseChris SandersTia Carrere
Fast X,Vin DieselMichelle RodriguezJason Statham
Frewaka,Clare MonnellyBríd Ní NeachtainAleksandra Bystrzhitskaya
Life Is Beautiful,Roberto BenigniNicoletta BraschiGiorgio Cantarini
Good Bad Ugly,Trisha KrishnanAjith KumarSimran
Knock Knock,Keanu ReevesLorenza IzzoAna de Armas
Deadpool,Ryan ReynoldsMorena BaccarinT.J. Miller
Warrior,Tom HardyNick NolteJoel Edgerton
Final Destination 5,Nicholas D'AgostoEmma BellArlen Escarpeta
Promising Young Woman,Carey MulliganBo BurnhamAlison Brie
Come and See,Aleksey KravchenkoOlga MironovaLiubomiras Laucevicius
Downfall,Bruno GanzAlexandra Maria LaraUlrich Matthes
Kingsman: The Golden Circle,Taron EgertonColin FirthMark Strong
Angels & Demons,Tom HanksEwan McGregorAyelet Zurer
Train to Busan,Gong YooJung Yu-miMa Dong-seok
Brokeback Mountain,Jake GyllenhaalHeath LedgerMichelle Williams
2073,Samantha MortonNaomi AckieNarendra Modi
Basic Instinct,Michael DouglasSharon StoneGeorge Dzundza
The Great Gatsby,Leonardo DiCaprioCarey MulliganJoel Edgerton
Zodiac,Jake GyllenhaalRobert Downey Jr.Mark Ruffalo
RoboCop,Peter WellerNancy AllenDan O'Herlihy
Kinds of Kindness,Emma StoneJesse PlemonsWillem Dafoe
The Raid 2,Iko UwaisYayan RuhianArifin Putra
Grown Ups 2,Adam SandlerKevin JamesChris Rock
Pan's Labyrinth,Ivana BaqueroAriadna GilSergi López
The Intouchables,François CluzetOmar SyAnne Le Ny
The Blue Lagoon,Brooke ShieldsChristopher AtkinsLeo McKern
Minority Report,Tom CruiseColin FarrellSamantha Morton
Apocalypto,Gerardo TaracenaRaoul Max TrujilloDalia Hernández
A Different Man,Sebastian StanRenate ReinsveAdam Pearson
Mamma Mia!,Meryl StreepPierce BrosnanAmanda Seyfried
Glass Onion,Daniel CraigEdward NortonKate Hudson
Wind River,Elizabeth OlsenJeremy RennerGraham Greene
Costao,Nawazuddin SiddiquiPriya BapatKishore Kumar G.
Black Hawk Down,Josh HartnettEwan McGregorTom Sizemore
Love & Other Drugs,Jake GyllenhaalAnne HathawayJudy Greer
Homefront,Jason StathamJames FrancoWinona Ryder
About Time,Domhnall GleesonRachel McAdamsBill Nighy
Sisters,Amy PoehlerTina FeyMaya Rudolph
300,Gerard ButlerLena HeadeyDavid Wenham
Starship Troopers,Casper Van DienDenise RichardsDina Meyer
The Equalizer 2,Denzel WashingtonPedro PascalAshton Sanders
Sneaks,Anthony MackieKeith DavidLaurence Fishburne
The Conjuring,Patrick WilsonVera FarmigaRon Livingston
Captain America: The Winter Soldier,Chris EvansSamuel L. JacksonScarlett Johansson
Love Hurts,Ke Huy QuanAriana DeBoseMustafa Shakir
"The Chronicles of Narnia: The Lion, the Witch and the Wardrobe",Tilda SwintonGeorgie HenleyWilliam Moseley
Home Alone,Macaulay CulkinJoe PesciDaniel Stern
Jumanji: Welcome to the Jungle,Dwayne JohnsonKaren GillanKevin Hart
A Clockwork Orange,Malcolm McDowellPatrick MageeMichael Bates
Dunkirk,Fionn WhiteheadBarry KeoghanMark Rylance
Alarum,Scott EastwoodSylvester StalloneWilla Fitzgerald
We're the Millers,Jason SudeikisJennifer AnistonEmma Roberts
Drive,Ryan GoslingCarey MulliganBryan Cranston
The Unholy Trinity,Pierce BrosnanSamuel L. JacksonBrandon Lessard
Love Lies Bleeding,Anna BaryshnikovKristen StewartDave Franco
The Witch,Anya Taylor-JoyRalph InesonKate Dickie
A Knight's Tale,Heath LedgerMark AddyRufus Sewell
The Place Beyond the Pines,Ryan GoslingBradley CooperEva Mendes
Transformers One,Chris HemsworthBrian Tyree HenryScarlett Johansson
The Fugitive,Harrison FordTommy Lee JonesSela Ward
21 Jump Street,Jonah HillChanning TatumIce Cube
Spider-Man: Into the Spider-Verse,Shameik MooreJake JohnsonHailee Steinfeld
Monty Python and the Holy Grail,Graham ChapmanJohn CleeseEric Idle
Sixteen Candles,Molly RingwaldAnthony Michael HallJustin Henry
Platoon,Charlie SheenTom BerengerWillem Dafoe
The Lord of the Rings: The Two Towers,Elijah WoodIan McKellenViggo Mortensen
Amadeus,F. Murray AbrahamTom HulceElizabeth Berridge
"Three Billboards Outside Ebbing, Missouri",Frances McDormandWoody HarrelsonSam Rockwell
Mob Cops,Kevin ConnollyDavid ArquetteEmelina Adams
The Hobbit: An Unexpected Journey,Martin FreemanIan McKellenRichard Armitage
Point Break,Patrick SwayzeKeanu ReevesGary Busey
Five Nights at Freddy's,Josh HutchersonPiper RubioElizabeth Lail
Hacksaw Ridge,Andrew GarfieldSam WorthingtonLuke Bracey
The Rose of Versailles,Miyuki SawashiroToshiyuki ToyonagaFelecia Angelle
Inside Out 2,Amy PoehlerMaya HawkeKensington Tallman
The Age of Adaline,Blake LivelyMichiel HuismanHarrison Ford
Ratatouille,Brad GarrettLou RomanoPatton Oswalt
Thor: Ragnarok,Chris HemsworthTom HiddlestonCate Blanchett
Shallow Hal,Jack BlackGwyneth PaltrowJason Alexander
Star Wars: Episode VIII - The Last Jedi,Daisy RidleyJohn BoyegaMark Hamill
Landmine Goes Click,Sterling KnightSpencer LockeKote Tolordava
Jurassic World,Chris PrattBryce Dallas HowardTy Simpkins
Harry Potter and the Prisoner of Azkaban,Daniel RadcliffeEmma WatsonRupert Grint
Call Me by Your Name,Timothée ChalametArmie HammerMichael Stuhlbarg
The Game,Michael DouglasDeborah Kara UngerSean Penn
Hidden Figures,Taraji P. HensonOctavia SpencerJanelle Monáe
Split,James McAvoyAnya Taylor-JoyHaley Lu Richardson
Y tu mamá también,Maribel VerdúGael García BernalDaniel Giménez Cacho
Martyrs,Morjana AlaouiMylène JampanoïCatherine Bégin
Here,Tom HanksRobin WrightPaul Bettany
If Only,Jennifer Love HewittPaul NichollsTom Wilkinson
Stardust,Charlie CoxClaire DanesSienna Miller
Popeye: The Slayer Man,Jason Robert StephensAngela RelucioSarah Nicklin
Gunslingers,Stephen DorffHeather GrahamNicolas Cage
Unfaithful,Richard GereDiane LaneOlivier Martinez
Secretary,James SpaderMaggie GyllenhaalJeremy Davies
True Romance,Christian SlaterPatricia ArquetteDennis Hopper
Edge of Tomorrow,Tom CruiseEmily BluntBill Paxton
Total Recall,Arnold SchwarzeneggerSharon StoneMichael Ironside
I Spit on Your Grave,Sarah ButlerJeff BransonAndrew Howard
Ex Machina,Alicia VikanderDomhnall GleesonOscar Isaac
The Toxic Avenger,Kevin BaconElijah WoodPeter Dinklage
Once Upon a Time in the West,Henry FondaCharles BronsonClaudia Cardinale
No Time to Die,Daniel CraigAna de ArmasRami Malek
Superman,Christopher ReeveMargot KidderGene Hackman
The Ballad of Wallis Island,Tom BasdenTim KeySian Clifford
The Hunt,Mads MikkelsenThomas Bo LarsenAnnika Wedderkopp
The Rule of Jenny Pen,Geoffrey RushNikki MacDonnellMaaka Pohatu
Mission: Impossible - Rogue Nation,Tom CruiseRebecca FergusonJeremy Renner
Horizon: An American Saga - Chapter 1,Kevin CostnerSienna MillerSam Worthington
Sing,Matthew McConaugheyReese WitherspoonSeth MacFarlane
The Pianist,Adrien BrodyThomas KretschmannFrank Finlay
Creed,Michael B. JordanSylvester StalloneTessa Thompson
Grave of the Fireflies,Tsutomu TatsumiAyano ShiraishiAkemi Yamaguchi
Charlie and the Chocolate Factory,Johnny DeppFreddie HighmoreDavid Kelly
The Sound of Music,Julie AndrewsChristopher PlummerEleanor Parker
The Martian,Matt DamonJessica ChastainKristen Wiig
Despicable Me 4,Steve CarellKristen WiigPierre Coffin
Old School,Luke WilsonVince VaughnWill Ferrell
White Chicks,Marlon WayansShawn WayansBusy Philipps
The Girl with the Dragon Tattoo,Daniel CraigRooney MaraChristopher Plummer
Terminator: Dark Fate,Linda HamiltonArnold SchwarzeneggerMackenzie Davis
Kids,Leo FitzpatrickJustin PierceChloë Sevigny
The Revenant,Leonardo DiCaprioTom HardyWill Poulter
The Family I Had,
The Predator,Boyd HolbrookTrevante RhodesJacob Tremblay
Poltergeist,JoBeth WilliamsHeather O'RourkeCraig T. Nelson
Lie with Me,Lauren Lee SmithEric BalfourPolly Shannon
Juliet & Romeo,Clara RugaardJamie WardJason Isaacs
Only the Brave,Josh BrolinMiles TellerJeff Bridges
Wrong Turn,Eliza DushkuJeremy SistoEmmanuelle Chriqui
The Wedding Banquet,Bowen YangLily GladstoneKelly Marie Tran
A Beautiful Mind,Russell CroweEd HarrisJennifer Connelly
Mid90s,Sunny SuljicKatherine WaterstonLucas Hedges
September 5,Peter SarsgaardJohn MagaroBen Chaplin
Fury,Brad PittShia LaBeoufLogan Lerman
The Perks of Being a Wallflower,Logan LermanEmma WatsonEzra Miller
Anatomy of a Fall,Sandra HüllerSwann ArlaudMilo Machado-Graner
Notting Hill,Hugh GrantJulia RobertsRichard McCabe
Don't Look Up,Leonardo DiCaprioJennifer LawrenceMeryl Streep
Free Guy,Ryan ReynoldsJodie ComerTaika Waititi
Sisu,Jorma TommilaAksel HennieJack Doolan
Avengers: Age of Ultron,Robert Downey Jr.Chris EvansMark Ruffalo
The General's Daughter,John TravoltaMadeleine StoweJames Cromwell
Moana,Auli'i CravalhoDwayne JohnsonRachel House
The Last Showgirl,Pamela AndersonBrenda SongKiernan Shipka
Your Name.,Ryûnosuke KamikiMone KamishiraishiRyo Narita
Home Sweet Home: Rebirth,
Harry Potter and the Chamber of Secrets,Daniel RadcliffeRupert GrintEmma Watson
Moneyball,Brad PittRobin WrightJonah Hill
A Dog's Way Home,Ashley JuddJonah Hauer-KingEdward James Olmos
Return to Silent Hill,Jeremy IrvineHannah Emily AndersonRobert Strange
Die Alone,Carrie-Anne MossDouglas SmithFrank Grillo
Scary Movie,Anna FarisJon AbrahamsMarlon Wayans
Deva,Pooja HegdeShahid KapoorMeenal Sahu
Princess Mononoke,Yôji MatsudaYuriko IshidaYûko Tanaka
Perfect Days,Kôji YakushoTokio EmotoArisa Nakano
Friday,Ice CubeChris TuckerNia Long
The Greatest Showman,Hugh JackmanMichelle WilliamsZac Efron
Nonnas,Vince VaughnLorraine BraccoTalia Shire
Uncut Gems,Adam SandlerJulia FoxIdina Menzel
Blue Velvet,Isabella RosselliniKyle MacLachlanDennis Hopper
Ferris Bueller's Day Off,Matthew BroderickAlan RuckMia Sara
"Good Luck to You, Leo Grande",Emma ThompsonDaryl McCormackIsabella Laughland
You're Cordially Invited,Will FerrellReese WitherspoonGeraldine Viswanathan
Harry Potter and the Order of the Phoenix,Daniel RadcliffeEmma WatsonRupert Grint
I Saw the TV Glow,Justice SmithJack HavenIan Foreman
Armageddon,Bruce WillisBilly Bob ThorntonBen Affleck
Psycho,Anthony PerkinsJanet LeighVera Miles
Wonka,Timothée ChalametGustave DieMurray McArthur
Men in Black,Tommy Lee JonesWill SmithLinda Fiorentino
The Da Vinci Code,Tom HanksAudrey TautouJean Reno
The Wizard of Oz,Judy GarlandFrank MorganRay Bolger
Chronicle,Dane DeHaanAlex RussellMichael B. Jordan
School of Rock,Jack BlackMike WhiteJoan Cusack
Bridge to Terabithia,Josh HutchersonAnnaSophia RobbZooey Deschanel
Ghosted,Chris EvansAna de ArmasAdrien Brody
Thor,Chris HemsworthAnthony HopkinsNatalie Portman
Trainspotting,Ewan McGregorEwen BremnerJonny Lee Miller
The Human Centipede (First Sequence),Dieter LaserWinter WilliamsAshlynn Yennie
Tremors,Kevin BaconFred WardFinn Carter
The Irishman,Robert De NiroAl PacinoJoe Pesci
Terrifier,Jenna KanellSamantha ScaffidiDavid Howard Thornton
Aftersun,Paul MescalFrankie CorioCelia Rowlson-Hall
Veera Dheera Sooran: Part 2,VikramDushara VijayanS.J. Suryah
Runaway Jury,John CusackRachel WeiszGene Hackman
The Hill,Dennis QuaidColin FordJoelle Carter
The Little Mermaid,Halle BaileyJonah Hauer-KingMelissa McCarthy
Captain America: Civil War,Chris EvansRobert Downey Jr.Scarlett Johansson
Cruel Intentions,Sarah Michelle GellarRyan PhillippeReese Witherspoon
The Faculty,Jordana BrewsterClea DuVallLaura Harris
It's a Mad Mad Mad Mad World,Spencer TracyMilton BerleEthel Merman
The Salt Path,Jason IsaacsGillian AndersonJames Lance
The Idea of You,Anne HathawayNicholas GalitzineElla Rubin
Shrek,Mike MyersEddie MurphyCameron Diaz
Lucky Baskhar,Dulquer SalmaanMeenaakshi ChaudharyTinnu Anand
The Cabin in the Woods,Kristen ConnollyChris HemsworthAnna Hutchison
The Last Stop in Yuma County,Jim CummingsFaizon LoveJocelin Donahue
The Gray Man,Ryan GoslingChris EvansAna de Armas
The Marvels,Brie LarsonTeyonah ParrisIman Vellani
Ne Zha 2,Yanting LüMo HanHao Chen
Cheech & Chong's Last Movie,
The Exorcist,Ellen BurstynMax von SydowLinda Blair
Children of Men,Julianne MooreClive OwenChiwetel Ejiofor
Eden Lake,Kelly ReillyMichael FassbenderTara Ellis
Shang-Chi and the Legend of the Ten Rings,Simu LiuAwkwafinaTony Leung Chiu-wai
Amélie,Audrey TautouMathieu KassovitzRufus
Jojo Rabbit,Roman Griffin DavisThomasin McKenzieScarlett Johansson
Into the Wild,Emile HirschVince VaughnCatherine Keener
The Ritual,Al PacinoDan StevensAshley Greene
Nickel Boys,Ethan HerisseBrandon WilsonAunjanue Ellis-Taylor
Draft Day,Kevin CostnerChadwick BosemanJennifer Garner
Dracula,Gary OldmanWinona RyderAnthony Hopkins
Meet Joe Black,Brad PittAnthony HopkinsClaire Forlani
Black Adam,Dwayne JohnsonAldis HodgePierce Brosnan
Desire,Déborah RévyHélène ZimmerGowan Didi
Uncharted,Tom HollandMark WahlbergAntonio Banderas
Palm Springs,Andy SambergCristin MiliotiJ.K. Simmons
Kung Fu Panda,Jack BlackIan McShaneAngelina Jolie
The Social Network,Jesse EisenbergAndrew GarfieldJustin Timberlake
Office Space,Ron LivingstonJennifer AnistonDavid Herman
The Tomorrow War,Chris PrattYvonne StrahovskiJ.K. Simmons
A Serbian Film,Srdjan 'Zika' TodorovicSergej TrifunovicJelena Gavrilovic
Fresh,Daisy Edgar-JonesSebastian StanJojo T. Gibbs
Salem's Lot,Lewis PullmanMakenzie LeighJordan Preston Carter
The Holdovers,Paul GiamattiDa'Vine Joy RandolphDominic Sessa
Boogie Nights,Mark WahlbergJulianne MooreBurt Reynolds
Pretty Woman,Richard GereJulia RobertsJason Alexander
Doctor Strange in the Multiverse of Madness,Benedict CumberbatchElizabeth OlsenChiwetel Ejiofor
The Mask,Jim CarreyCameron DiazPeter Riegert
The Incredible Hulk,Edward NortonLiv TylerTim Roth
The Sandlot,Tom GuiryMike VitarArt LaFleur
Booksmart,Kaitlyn DeverBeanie FeldsteinJessica Williams
The Expendables 4,Jason Statham50 CentMegan Fox
The Zone of Interest,Christian FriedelSandra HüllerJohann Karthaus
V for Vendetta,Hugo WeavingNatalie PortmanRupert Graves
Scent of a Woman,Al PacinoChris O'DonnellJames Rebhorn
Beetlejuice,Alec BaldwinGeena DavisMichael Keaton
Passengers,Jennifer LawrenceChris PrattMichael Sheen
Carrie,Sissy SpacekPiper LaurieAmy Irving
Marked Men,Alexander LudwigChase StokesNatalie Alyn Lind
The Fast and the Furious,Vin DieselPaul WalkerMichelle Rodriguez
The Virgin Suicides,Kirsten DunstJosh HartnettJames Woods
Sing Sing,Colman DomingoClarence MaclinSean San Jose
The Whale,Brendan FraserSadie SinkTy Simpkins
The Naked Gun: From the Files of Police Squad!,Leslie NielsenPriscilla PresleyO.J. Simpson
The Hunt,Betty GilpinHilary SwankIke Barinholtz
Lucy,Scarlett JohanssonMorgan FreemanChoi Min-sik
In a Violent Nature,Ry BarrettAndrea PavlovicCameron Love
Casino Royale,Daniel CraigEva GreenJudi Dench
Predestination,Ethan HawkeSarah SnookNoah Taylor
Easy A,Emma StoneAmanda BynesPenn Badgley
Sacramento,Michael AngaranoMaya ErskineMichael Cera
The Last Voyage of the Demeter,Corey HawkinsAisling FranciosiLiam Cunningham
My Cousin Vinny,Joe PesciMarisa TomeiRalph Macchio
Howl's Moving Castle,Chieko BaishôTakuya KimuraTatsuya Gashûin
The Devil Wears Prada,Anne HathawayMeryl StreepAdrian Grenier
Bad Boys: Ride or Die,Will SmithMartin LawrenceVanessa Hudgens
Spaceballs,Mel BrooksJohn CandyRick Moranis
Emmanuelle,Noémie MerlantWill SharpeJamie Campbell Bower
Solo: A Star Wars Story,Alden EhrenreichWoody HarrelsonEmilia Clarke
Venom,Tom HardyMichelle WilliamsRiz Ahmed
Beauty and the Beast,Emma WatsonDan StevensLuke Evans
Love Actually,Hugh GrantMartine McCutcheonLiam Neeson
All Quiet on the Western Front,Felix KammererAlbrecht SchuchAaron Hilmer
The Lighthouse,Robert PattinsonWillem DafoeValeriia Karaman
E.T. the Extra-Terrestrial,Henry ThomasDrew BarrymorePeter Coyote
Alien: Covenant,Michael FassbenderKatherine WaterstonBilly Crudup
Zootopia,Ginnifer GoodwinJason BatemanIdris Elba
Gangs of New York,Leonardo DiCaprioCameron DiazDaniel Day-Lewis
The Day the Earth Blew Up: A Looney Tunes Movie,Eric BauzaCandi MiloPeter MacNicol
Sicario: Day of the Soldado,Benicio Del ToroJosh BrolinIsabela Merced
A Few Good Men,Tom CruiseJack NicholsonDemi Moore
M3GAN,Allison WilliamsViolet McGrawRonny Chieng
Police Academy,Steve GuttenbergG.W. BaileyKim Cattrall
The Six Triple Eight,Kerry WashingtonEbony ObsidianMilauna Jackson
Nightcrawler,Jake GyllenhaalRene RussoBill Paxton
The Imitation Game,Benedict CumberbatchKeira KnightleyMatthew Goode
The Lives of Others,Ulrich MüheMartina GedeckSebastian Koch
All of Us Strangers,Andrew ScottPaul MescalCarter John Grout
The Last Duel,Matt DamonAdam DriverJodie Comer
Jack Reacher,Tom CruiseRosamund PikeRichard Jenkins
The Killer,Michael FassbenderTilda SwintonCharles Parnell
The Incredibles,Craig T. NelsonSamuel L. JacksonHolly Hunter
Borderline,Samara WeavingRay NicholsonEric Dane
Les Misérables,Hugh JackmanRussell CroweAnne Hathaway
Scott Pilgrim vs. the World,Michael CeraMary Elizabeth WinsteadKieran Culkin
Dune,Kyle MacLachlanVirginia MadsenFrancesca Annis
My Old Ass,Maisy StellaAubrey PlazaPercy Hynes White
The Deer Hunter,Robert De NiroChristopher WalkenJohn Cazale
Fantastic Four,Ioan GruffuddMichael ChiklisChris Evans
Baywatch,Dwayne JohnsonZac EfronAlexandra Daddario
X-Men,Patrick StewartHugh JackmanIan McKellen
Die Hard,Bruce WillisAlan RickmanBonnie Bedelia
Speed,Keanu ReevesDennis HopperSandra Bullock
Late Night with the Devil,David DastmalchianLaura GordonIan Bliss
The Last of the Mohicans,Daniel Day-LewisMadeleine StoweRussell Means
Spotlight,Mark RuffaloMichael KeatonRachel McAdams
Dead Mail,Sterling Macer Jr.John FleckMicki Jackson
The Boy and the Heron,Soma SantokiMasaki SudaKô Shibasaki
L.A. Confidential,Kevin SpaceyRussell CroweGuy Pearce
Shazam! Fury of the Gods,Zachary LeviAsher AngelJack Dylan Grazer
Ant-Man and the Wasp,Paul RuddEvangeline LillyMichael Peña
Triangle of Sadness,Thobias ThorwidHarris DickinsonCharlbi Dean
West Side Story,Ansel ElgortRachel ZeglerAriana DeBose
Bad Times at the El Royale,Jeff BridgesCynthia ErivoDakota Johnson
Argylle,Henry CavillBryce Dallas HowardSam Rockwell
Training Day,Denzel WashingtonEthan HawkeScott Glenn
Summer of 69,Natalie MoralesCharlie DayJillian Bell
The Patriot,Mel GibsonHeath LedgerJoely Richardson
MadS,Lucille GuillaumeLaurie PavyMilton Riche
Crazy Rich Asians,Constance WuHenry GoldingMichelle Yeoh
Hot Tub Time Machine,John CusackRob CorddryCraig Robinson
3 Idiots,Aamir KhanMadhavanMona Singh
Logan,Hugh JackmanPatrick StewartDafne Keen
Coco,Anthony GonzalezGael García BernalBenjamin Bratt
Emilia Pérez,Zoe SaldañaKarla Sofía GascónSelena Gomez
Toy Story,Tom HanksTim AllenDon Rickles
Survive,Émilie DequenneAndreas PietschmannLisa Delamar
The King's Man,Ralph FiennesGemma ArtertonRhys Ifans
For Your Eyes Only,Roger MooreCarole BouquetTopol
The Nice Guys,Russell CroweRyan GoslingAngourie Rice
The Maze Runner,Dylan O'BrienKaya ScodelarioWill Poulter
Caddo Lake,Dylan O'BrienEliza ScanlenCaroline Falk
Coherence,Emily BaldoniMaury SterlingNicholas Brendon
The Lost World: Jurassic Park,Jeff GoldblumJulianne MoorePete Postlethwaite
Spider-Man: Homecoming,Tom HollandMichael KeatonRobert Downey Jr.
,
Shooter,Mark WahlbergMichael PeñaRhona Mitra
Ghostbusters,Bill MurrayDan AykroydSigourney Weaver
How to Make Millions Before Grandma Dies,Putthipong AssaratanakulUsha SeamkhumSanya Kunakorn
Bring It On,Kirsten DunstEliza DushkuJesse Bradford
Event Horizon,Laurence FishburneSam NeillKathleen Quinlan
Transformers: The Last Knight,Mark WahlbergAnthony HopkinsJosh Duhamel
Frozen,Kristen BellIdina MenzelJonathan Groff
Good Boy,Larry FessendenArielle FriedmanIndy
The Lost Boys,Jason PatricCorey HaimDianne Wiest
After,Josephine LangfordHero Fiennes TiffinKhadijha Red Thunder
Van Helsing,Hugh JackmanKate BeckinsaleRichard Roxburgh
Puss in Boots: The Last Wish,Antonio BanderasSalma HayekHarvey Guillén
The Wedding Singer,Adam SandlerDrew BarrymoreChristine Taylor
The Magnificent Seven,Denzel WashingtonChris PrattEthan Hawke
A Quiet Place: Day One,Lupita Nyong'oJoseph QuinnAlex Wolff
Psycho Therapy: The Shallow Tale of a Writer Who Decided to Write About a Serial Killer,Britt LowerSteve BuscemiJohn Magaro
Taken,Liam NeesonMaggie GraceFamke Janssen
Man of Steel,Henry CavillAmy AdamsMichael Shannon
Wifelike,Jonathan Rhys MeyersElena KampourisDoron Bell
Beautiful Boy,Steve CarellMaura TierneyJack Dylan Grazer
IF,Cailey FlemingRyan ReynoldsJohn Krasinski
Sense and Sensibility,Emma ThompsonKate WinsletJames Fleet
The Parent Trap,Lindsay LohanDennis QuaidNatasha Richardson
Finding Nemo,Albert BrooksEllen DeGeneresAlexander Gould
Iron Man 2,Robert Downey Jr.Mickey RourkeGwyneth Paltrow
Cinderella,Lily JamesCate BlanchettRichard Madden
Kneecap,Móglaí BapMo CharaDJ Próvai
Little Miss Sunshine,Steve CarellToni ColletteGreg Kinnear
Star Trek,Chris PineZachary QuintoSimon Pegg
Hook,Dustin HoffmanRobin WilliamsJulia Roberts
2012,John CusackThandiwe NewtonChiwetel Ejiofor
Harry Potter and the Deathly Hallows: Part 1,Daniel RadcliffeEmma WatsonRupert Grint
The Lord of the Rings: The War of the Rohirrim,Brian CoxGaia WiseMiranda Otto
Demolition,Jake GyllenhaalNaomi WattsChris Cooper
Fantastic Mr. Fox,George ClooneyMeryl StreepBill Murray
Top Secret!,Val KilmerOmar SharifJeremy Kemp
Jerry Maguire,Tom CruiseCuba Gooding Jr.Renée Zellweger
Pirates of the Caribbean: Dead Men Tell No Tales,Johnny DeppGeoffrey RushJavier Bardem
The Elephant Man,Anthony HopkinsJohn HurtAnne Bancroft
The Crow,Bill SkarsgårdFKA twigsDanny Huston
Pirates of the Caribbean: Dead Man's Chest,Johnny DeppOrlando BloomKeira Knightley
Red One,Dwayne JohnsonChris EvansLucy Liu
Ground Zero,Emraan HashmiSai TamhankarAeklavya Tomer
Batman,Michael KeatonJack NicholsonKim Basinger
Fantastic Four,Miles TellerKate MaraMichael B. Jordan
Predators,Adrien BrodyLaurence FishburneTopher Grace
Ted,Mark WahlbergMila KunisSeth MacFarlane
Caveat,Ben CaplanJohnny FrenchLeila Sykes
Hamilton,Lin-Manuel MirandaPhillipa SooLeslie Odom Jr.
Oblivion,Tom CruiseMorgan FreemanAndrea Riseborough
"Lock, Stock and Two Smoking Barrels",Jason FlemyngDexter FletcherNick Moran
Weird Science,Anthony Michael HallIlan Mitchell-SmithKelly LeBrock
Fantastic Beasts and Where to Find Them,Eddie RedmayneKatherine WaterstonAlison Sudol
Pink Floyd: Live at Pompeii,
In Time,Justin TimberlakeAmanda SeyfriedCillian Murphy
Contagion,Matt DamonKate WinsletJude Law
Raid,Ajay DevgnIleana D'CruzSaurabh Shukla
Inside Man,Denzel WashingtonClive OwenJodie Foster
Rain Man,Dustin HoffmanTom CruiseValeria Golino
Cast Away,Tom HanksHelen HuntPaul Sanchez
Lost in Translation,Bill MurrayScarlett JohanssonGiovanni Ribisi
Red Sparrow,Jennifer LawrenceJoel EdgertonMatthias Schoenaerts
Kingdom of the Planet of the Apes,Owen TeagueFreya AllanKevin Durand
WALL·E,Ben BurttElissa KnightJeff Garlin
Pale Rider,Clint EastwoodMichael MoriartyCarrie Snodgress
Iron Man 3,Robert Downey Jr.Guy PearceGwyneth Paltrow
The Old Guard 2,Charlize TheronKiKi LayneMatthias Schoenaerts
Saw,Cary ElwesLeigh WhannellDanny Glover
The Rocky Horror Picture Show,Tim CurrySusan SarandonBarry Bostwick
The Rock,Sean ConneryNicolas CageEd Harris
Death Proof,Kurt RussellZoë BellRosario Dawson
Mystic River,Sean PennTim RobbinsKevin Bacon
Opus,Ayo EdebiriJohn MalkovichJuliette Lewis
Geostorm,Gerard ButlerJim SturgessAbbie Cornish
Dogma,Ben AffleckMatt DamonLinda Fiorentino
Underwater,Kristen StewartVincent CasselMamoudou Athie
13 Hours: The Secret Soldiers of Benghazi,John KrasinskiPablo SchreiberJames Badge Dale
Margin Call,Zachary QuintoStanley TucciKevin Spacey
Zack Snyder's Justice League,Henry CavillBen AffleckGal Gadot
Gone with the Wind,Clark GableVivien LeighThomas Mitchell
Nightbitch,Amy AdamsScoot McNairyArleigh Snowden
It's What's Inside,Brittany O'GradyJames MorosiniGavin Leatherwood
The Abyss,Ed HarrisMary Elizabeth MastrantonioMichael Biehn
Tangled,Mandy MooreZachary LeviDonna Murphy
The 40-Year-Old Virgin,Steve CarellCatherine KeenerPaul Rudd
Wedding Crashers,Owen WilsonVince VaughnRachel McAdams
Ben-Hur,Charlton HestonJack HawkinsStephen Boyd
Deadpool 2,Ryan ReynoldsJosh BrolinMorena Baccarin
Napoleon,Joaquin PhoenixVanessa KirbyTahar Rahim
A Quiet Place,Emily BluntJohn KrasinskiMillicent Simmonds
Hot Fuzz,Simon PeggNick FrostMartin Freeman
Willy Wonka & the Chocolate Factory,Gene WilderJack AlbertsonPeter Ostrum
Ant-Man and the Wasp: Quantumania,Paul RuddEvangeline LillyMichael Douglas
The Last Rodeo,Neal McDonoughChristopher McDonaldMykelti Williamson
12 Years a Slave,Chiwetel EjioforMichael Kenneth WilliamsMichael Fassbender
Instant Family,Mark WahlbergRose ByrneIsabela Merced
Secretariat,Diane LaneJohn MalkovichMargo Martindale
Rocky,Sylvester StalloneTalia ShireBurt Young
The Lion King,Donald GloverBeyoncéSeth Rogen
Tusk,Justin LongMichael ParksHaley Joel Osment
The Flash,Ezra MillerMichael KeatonSasha Calle
Black Mirror: Bandersnatch,Fionn WhiteheadCraig ParkinsonAlice Lowe
"Girl, Interrupted",Winona RyderAngelina JolieClea DuVall
Coyote Ugly,Piper PeraboAdam GarciaJohn Goodman
Holes,Shia LaBeoufSigourney WeaverJon Voight
Hannibal,Anthony HopkinsJulianne MooreGary Oldman
Thirteen,Evan Rachel WoodHolly HunterNikki Reed
The Dark Tower,Idris ElbaMatthew McConaugheyTom Taylor
The Descent,Shauna MacdonaldNatalie MendozaAlex Reid
Erin Brockovich,Julia RobertsAlbert FinneyDavid Brisbin
Aladdin,Will SmithMena MassoudNaomi Scott
X-Men: First Class,James McAvoyMichael FassbenderJennifer Lawrence
Man on Fire,Denzel WashingtonChristopher WalkenDakota Fanning
Last Night in Soho,Thomasin McKenzieAnya Taylor-JoyMatt Smith
The Fast and the Furious: Tokyo Drift,Lucas BlackZachery Ty BryanShad Moss
Dirty Dancing,Patrick SwayzeJennifer GreyJerry Orbach
La cocina,Raúl BrionesRooney MaraJames Waterston
"Monsters, Inc.",Billy CrystalJohn GoodmanMary Gibbs
Mr. & Mrs. Smith,Brad PittAngelina JolieAdam Brody
Blended,Adam SandlerDrew BarrymoreWendi McLendon-Covey
Death on the Nile,Tom BatemanAnnette BeningKenneth Branagh
Not Another Teen Movie,Chyler LeighJaime PresslyChris Evans
Fly Me to the Moon,Scarlett JohanssonChanning TatumWoody Harrelson
9 Songs,Kieran O'BrienMargo StilleyRobert Levon Been
Peter Pan's Neverland Nightmare,Megan PlacitoMartin PortlockKit Green
World War Z,Brad PittMireille EnosDaniella Kertesz
The Watchers,Dakota FanningGeorgina CampbellOlwen Fouéré
Drive-Away Dolls,Margaret QualleyGeraldine ViswanathanBeanie Feldstein
Priscilla,Cailee SpaenyJacob ElordiAri Cohen
The Ritual,Rafe SpallArsher AliRobert James-Collier
Shame,Michael FassbenderCarey MulliganJames Badge Dale
The King,Tom Glynn-CarneyGábor CzapTom Fisher
Nocturnal Animals,Amy AdamsJake GyllenhaalMichael Shannon
The Prince of Egypt,Val KilmerRalph FiennesMichelle Pfeiffer
Purple Hearts,Sofia CarsonNicholas GalitzineChosen Jacobs
Bring Them Down,Christopher AbbottBarry KeoghanColm Meaney
Licorice Pizza,Alana HaimCooper HoffmanSean Penn
Murder on the Orient Express,Kenneth BranaghPenélope CruzWillem Dafoe
La Dolce Villa,Scott FoleyViolante PlacidoMaia Reficco
Perfect Blue,Junko IwaoRica MatsumotoShinpachi Tsuji
The Banshees of Inisherin,Colin FarrellBrendan GleesonKerry Condon
The Bourne Identity,Franka PotenteMatt DamonChris Cooper
The Curious Case of Benjamin Button,Brad PittCate BlanchettTilda Swinton
The Perfect Storm,George ClooneyMark WahlbergJohn C. Reilly
Tinker Tailor Soldier Spy,Gary OldmanColin FirthTom Hardy
King Kong,Naomi WattsJack BlackAdrien Brody
"Husband, Father, Killer: The Alyssa Pladl Story",Jackie CruzMatthew MacCaullMatreya Scarrwener
Godzilla x Kong: The New Empire,Rebecca HallBrian Tyree HenryDan Stevens
