Title,Directors
Sinners,['Ryan Coogler']
Havoc,['Gareth Evans']
Another Simple Favor,['Paul Feig']
The Accountant 2,"[""Gavin O'Connor""]"
Conclave,['Edward Berger']
Exterritorial,['Christian Zübert']
A Minecraft Movie,['Jared Hess']
Until Dawn,['David F. Sandberg']
Drop,['Christopher Landon']
Death of a Unicorn,['Alex Scharfman']
A Simple Favor,['Paul Feig']
Weapons,['Zach Cregger']
Warfare,['Alex Garlan']
The Accountant,"[""Gavin O'Connor""]"
Snow White,['Marc Webb']
Companion,['Drew Hancock']
Raid 2,['Raj Kumar Gupta']
Black Bag,['Steven Soderbergh']
Ash,['Flying Lotus']
Babygirl,['Halina Reijn']
The Amateur,['James Hawes']
Mickey 17,['Bong Joon Ho']
Mission: Impossible - The Final Reckoning,['Christopher M']
Star Wars: Episode III - Revenge of the Sith,['George Lucas']
Anora,['Sean Baker']
Final Destination: Bloodlines,['Zach Lipovsk']
Rust,['Joel Souza']
Freaky Tales,['Anna Bode']
The Four Seasons,['Alan Alda']
Captain America: Brave New World,['Julius Onah']
A Working Man,['David Ayer']
A Complete Unknown,['James Mangold']
Gladiator II,['Ridley Scott']
Nosferatu,['Robert Eggers']
The Substance,['Coralie Fargeat']
Bullet Train Explosion,['Shinji Higuchi']
iHostage,['Bobby Boermans']
Neighborhood Watch,['Duncan Skiles']
Heretic,['Scott Bec']
The Monkey,['Osgood Perkins']
The Surfer,['Lorcan Finnegan']
Locked,['David Yarovesky']
Winter Spring Summer or Fall,['Tiffany Paulsen']
The Gorge,['Scott Derrickson']
Gladiator,['Ridley Scott']
Novocaine,['Dan Ber']
Pride & Prejudice,['Joe Wright']
The Life List,['Adam Brooks']
Rogue One: A Star Wars Story,['Gareth Edwards']
28 Years Later,['Danny Boyle']
Together,['Michael Shanks']
The Shawshank Redemption,['Frank Darabont']
G20,['Patricia Riggen']
Jewel Thief: The Heist Begins,['Robbie Grewa']
The Order,['Justin Kurzel']
Last Breath,['Alex Parkinson']
The Electric State,['Anthony Russ']
Lilo & Stitch,['Dean Fleischer Camp']
Now You See Me,['Louis Leterrier']
Den of Thieves: Pantera,['Christian Gudegast']
How to Train Your Dragon,['Dean D']
Oppenheimer,['Christopher Nolan']
The Friend,"['Scott M', 'cGehe']"
Wicked,['Jon M. Chu']
The King of Kings,['Seong-ho Jang']
The Brutalist,['Brady Corbet']
Cleaner,['Martin Campbell']
Interstellar,['Christopher Nolan']
The Godfather,['Francis Ford Coppola']
Barbarian,['Zach Cregger']
Black Widow,['Cate Shortland']
The Penguin Lessons,['Peter Cattaneo']
From the World of John Wick: Ballerina,['Len Wiseman']
Twisters,['Lee Isaac Chung']
The Two Popes,['Fernando Meirelles']
Once Upon a Time... in Hollywood,['Quentin Tarantino']
Top Gun: Maverick,['Joseph Kosinski']
Mufasa: The Lion King,['Barry Jenkins']
Salvable,['Bjorn Frankli']
The Legend of Ochi,['Isaiah Saxon']
Kesari Chapter 2: The Untold Story of Jallianwala Bagh,['Karan Singh Tyagi']
Tombstone,['George P. Cosmatos']
Kraven the Hunter,['J.C. Chandor']
The Commitments,['Alan Parker']
Deadpool & Wolverine,['Shawn Levy']
The Dark Knight,['Christopher Nolan']
Trap,['M. Night Shyamalan']
Inception,['Christopher Nolan']
Karate Kid: Legends,['Jonathan Entwistle']
Deep Cover,['Tom Kingsley']
A Real Pain,['Jesse Eisenberg']
Speak No Evil,['James Watkins']
Love,['Gaspar Noé']
Jurassic World Rebirth,['Gareth Edwards']
Star Wars: Episode IV - A New Hope,['George Lucas']
Fear Street: Prom Queen,['Matt Palmer']
Den of Thieves,['Christian Gudegast']
Mission: Impossible - Dead Reckoning Part One,['Christopher M']
Inglourious Basterds,['Quentin Tarantino']
Alien: Romulus,['Fede Alvarez']
Harry Potter and the Sorcerer's Stone,['Chris Columbus']
Titanic,['James Cameron']
Pulp Fiction,['Quentin Tarantino']
The Wild Robot,['Chris Sanders']
Lolita,['Adrian Lyne']
Mysterious Island,['Cy Endfield']
The Lord of the Rings: The Fellowship of the Ring,['Peter Jackson']
Final Destination,['James Wong']
Virgin Territory,['David Leland']
Now You See Me 2,['Jon M. Chu']
The Wolf of Wall Street,['Martin Scorsese']
Star Wars: Episode I - The Phantom Menace,['George Lucas']
Dune: Part Two,['Denis Villeneuve']
Avengers: Endgame,['Anthony Russ']
The Hunger Games,['Gary Ross']
The Bhootnii,['Sidhaant Sachde']
Heat,['Michael Mann']
The Truman Show,['Peter Weir']
Retro,['Karthik Subbaraj']
Fight or Flight,['James Madigan']
Flow,['Gints Zilbalodis']
The Alto Knights,['Barry Levinson']
Screamboat,['Steven L']
The Woman in the Yard,['Jaume Collet-Serra']
Moana 2,['David G. Derrick Jr.Jason Han']
The Ugly Stepsister,['Emilie Blichfeldt']
Sonic the Hedgehog 3,['Jeff Fowler']
X,['Ti West']
Wolf Man,['Leigh Whannell']
Fight Club,['David Fincher']
In the Lost Lands,['Paul W.S. Anderson']
The Silence of the Lambs,['Jonathan Demme']
No Hard Feelings,['Gene Stupnitsky']
The Hunger Games: The Ballad of Songbirds & Snakes,['Francis Lawrence']
"Sorry, Baby",['Eva Victor']
Parasite,['Bong Joon Ho']
Schindler's List,['Steven Spielberg']
Fountain of Youth,['Guy Ritchie']
Midsommar,['Ari Aster']
Civil War,['Alex Garland']
Goodfellas,['Martin Scorsese']
Smile 2,['Parker Finn']
Parthenope,['Paolo Sorrentino']
Clown in a Cornfield,['Eli Craig']
Dazed and Confused,['Richard Linklater']
Se7en,['David Fincher']
I'm Still Here,['Walter Salles']
The Life of Chuck,['Mike Flanagan']
The Princess Bride,['Rob Reiner']
Primal Fear,['Gregory Hoblit']
Magazine Dreams,['Elijah Bynum']
Anyone But You,['Will Gluck']
28 Days Later,['Danny Boyle']
Forrest Gump,['Robert Zemeckis']
Longlegs,['Osgood Perkins']
Poor Things,['Yorgos Lanthimos']
It Ends with Us,['Justin Baldoni']
The Phoenician Scheme,['Wes Anderson']
The Ministry of Ungentlemanly Warfare,['Guy Ritchie']
We Live in Time,['John Crowley']
The Shrouds,['David Cronenberg']
365 Days,['Barbara Bialowa']
The Prestige,['Christopher Nolan']
The Return,['Uberto Pasolini']
Jurassic Park,['Steven Spielberg']
Mission: Impossible,['Brian De Palma']
On Swift Horses,['Daniel Minahan']
Fifty Shades of Grey,['Sam Taylor-Johnson']
The Batman,['Matt Reeves']
The Dark Knight Rises,['Christopher Nolan']
Superboys of Malegaon,['Reema Kagti']
Friendship,['Andrew D']
Raiders of the Lost Ark,['Steven Spielberg']
Jaat,['Gopichand Malineni']
Django Unchained,['Quentin Tarantino']
Venom: The Last Dance,['Kelly Marcel']
Spider-Man: Across the Spider-Verse,"['Joaquim Dos Santo', 'sKemp Power']"
From Dusk Till Dawn,['Robert Rodriguez']
Heart Eyes,['Josh Ruben']
The Matrix,['Lana Wachowsk']
American Pie,['Paul Weitz']
Batman Begins,['Christopher Nolan']
The Departed,['Martin Scorsese']
The Gentlemen,['Guy Ritchie']
Twilight,['Catherine Hardwicke']
HIT: The 3rd Case,['Sailesh Kolanu']
Prey,['Dan Trachtenberg']
The Apprentice,['Ali Abbasi']
Holland,['Mimi Cave']
Juror #2,['Clint Eastwood']
Gone Girl,['David Fincher']
Borbaad,['Mehedi Hassan Hridoy']
Back to the Future,['Robert Zemeckis']
Grease,['Randal Kleiser']
The Goonies,['Richard Donner']
The Assessment,['Fleur Fortune']
Furiosa: A Mad Max Saga,['George Miller']
Blade Runner 2049,['Denis Villeneuve']
Whiplash,['Damien Chazelle']
Requiem for a Dream,['Darren Aronofsky']
Star Wars: Episode II - Attack of the Clones,['George Lucas']
The Passion of the Christ,['Mel Gibson']
Alien,['Ridley Scott']
Léon: The Professional,['Luc Besson']
Adult Best Friends,['Delaney Buffett']
The Notebook,['Nick Cassavetes']
Good Will Hunting,['Gus Van Sant']
No Country for Old Men,['Ethan Coe']
Spider-Man: No Way Home,['Jon Watts']
Matilda,['Danny D']
Wrath of Man,['Guy Ritchie']
Blink Twice,['Zoë Kravitz']
Flight Risk,['Mel Gibson']
Hell of a Summer,['Billy Bry']
Leave the World Behind,['Sam Esmail']
Thudarum,['Tharun Moorthy']
All Ladies Do It,['Tinto Brass']
Strange Darling,['JT Mollner']
Megalopolis,['Francis Ford Coppola']
Pirates of the Caribbean: The Curse of the Black Pearl,['Gore Verbinski']
Avengers: Infinity War,['Anthony Russ']
Donnie Darko,['Richard Kelly']
Prisoners,['Denis Villeneuve']
The Dreamers,['Bernardo Bertolucci']
Top Gun,['Tony Scott']
Hurry Up Tomorrow,['Trey Edward Shults']
Paul,['Greg Mottola']
Barbie,['Greta Gerwig']
Life or Something Like It,['Stephen Herek']
Scarface,['Brian De Palma']
Chhaava,['Laxman Utekar']
American Beauty,['Sam Mendes']
In Secret,['Charlie Stratton']
Apocalypse Now,['Francis Ford Coppola']
Kingdom of Heaven,['Ridley Scott']
All That Jazz,['Bob Fosse']
Oldboy,['Park Chan-wook']
The Count of Monte-Cristo,['Alexandre de La Patellièr']
Incendies,['Denis Villeneuve']
Predator: Killer of Killers,['Dan Trachtenber']
Romeo + Juliet,['Baz Luhrmann']
Nope,['Jordan Peele']
Star Wars: Episode V - The Empire Strikes Back,['Irvin Kershner']
Mean Girls,['Mark Waters']
Hereditary,['Ari Aster']
Dune: Part One,['Denis Villeneuve']
Snatch,['Guy Ritchie']
Azrael,['E.L. Katz']
My Fault: London,['Charlotte Fassle']
Rosario,['Felipe Vargas']
Deep Water,['Adrian Lyne']
Crazxy,['Girish Kohli']
Twister,['Jan de Bont']
Eternal Sunshine of the Spotless Mind,['Michel Gondry']
The Handmaiden,['Park Chan-wook']
Small Things Like These,['Tim Mielants']
Paddington in Peru,['Dougal Wilson']
The Beekeeper,['David Ayer']
Bullet Train,['David Leitch']
"Salò, or the 120 Days of Sodom",['Pier Paolo Pasolini']
12 Angry Men,['Sidney Lumet']
Materialists,['Celine Song']
John Wick,['Chad Stahelski']
Pitch Perfect,['Jason Moore']
Guardians of the Galaxy Vol. 3,['James Gunn']
Talk to Me,['Danny Philippo']
The Biggest Fan,['Maria Torres']
Saving Private Ryan,['Steven Spielberg']
"Crazy, Stupid, Love.",['Glenn Ficarr']
Murder at Yellowstone City,['Richard Gray']
Knives Out,['Rian Johnson']
Road House,['Doug Liman']
Everything Everywhere All at Once,['Daniel Kwa']
Eden,['Ron Howard']
MaXXXine,['Ti West']
V for Vengeance,['Kelly Halihan']
The Town,['Ben Affleck']
Guardians of the Galaxy,['James Gunn']
Eyes Wide Shut,['Stanley Kubrick']
Fall,['Scott Mann']
The Breakfast Club,['John Hughes']
Tropic Thunder,['Ben Stiller']
The Green Mile,['Frank Darabont']
Get Out,['Jordan Peele']
Dog Man,['Peter Hastings']
Green Book,['Peter Farrelly']
It,['Andy Muschietti']
The Lord of the Rings: The Return of the King,['Peter Jackson']
10 Things I Hate About You,['Gil Junger']
Bone Tomahawk,['S. Craig Zahler']
Carry-On,['Jaume Collet-Serra']
Kingsman: The Secret Service,['Matthew Vaughn']
The Fall Guy,['David Leitch']
Presence,['Steven Soderbergh']
Avatar: Fire and Ash,['James Cameron']
Suicide Squad,['David Ayer']
John Wick: Chapter 4,['Chad Stahelski']
Where the Crawdads Sing,['Olivia Newman']
How to Train Your Dragon,"['Dean D', 'eBloi']"
Ed Kemper,['Chad Ferrin']
Terminator 2: Judgment Day,['James Cameron']
Annihilation,['Alex Garland']
Deep Impact,['Mimi Leder']
Saturday Night,['Jason Reitman']
The Usual Suspects,['Bryan Singer']
Catch Me If You Can,['Steven Spielberg']
Sin City,"['Frank Mille', 'rQuentin Tarantin']"
Sicario,['Denis Villeneuve']
Killers of the Flower Moon,['Martin Scorsese']
Bring Her Back,['Danny Philippo']
"The Good, the Bad and the Ugly",['Sergio Leone']
Iron Man,['Jon Favreau']
Thor: Love and Thunder,['Taika Waititi']
Mad Max: Fury Road,['George Miller']
Queer,['Luca Guadagnino']
Taxi Driver,['Martin Scorsese']
Dungeons & Dragons: Honor Among Thieves,['John Francis Dale']
Hit Man,['Richard Linklater']
Don't Worry Darling,['Olivia Wilde']
Star Wars: Episode VI - Return of the Jedi,['Richard Marquand']
Irreversible,['Gaspar Noé']
Star Wars: Episode VII - The Force Awakens,['J.J. Abrams']
Scorned,['Andrew Stevens']
Terrifier 3,['Damien Leone']
Black Panther,['Ryan Coogler']
Fast Times at Ridgemont High,['Amy Heckerling']
Shutter Island,['Martin Scorsese']
Past Lives,['Celine Song']
The Iron Claw,['Sean Durkin']
Abigail,['Matt Bettinelli-Olpi']
Clueless,['Amy Heckerling']
The Outsiders,['Francis Ford Coppola']
The Man from Earth,['Richard Schenkman']
It Feeds,['Chad Archibald']
Jaws,['Steven Spielberg']
City of God,['Fernando Meirelle']
Spirited Away,['Hayao Miyazaki']
Day of Reckoning,['Shaun Silva']
Watchmen,['Zack Snyder']
Blade Runner,['Ridley Scott']
Spider-Man,['Sam Raimi']
Better Man,['Michael Gracey']
Teenage Mutant Ninja Turtles: The Rise of Leo,['Jonah Camey']
The Godfather Part II,['Francis Ford Coppola']
The Terminator,['James Cameron']
Subservience,['S.K. Dale']
Indiana Jones and the Last Crusade,['Steven Spielberg']
There Will Be Blood,['Paul Thomas Anderson']
Shadow Force,['Joe Carnahan']
The Help,['Tate Taylor']
Mission: Impossible - Fallout,['Christopher M']
Her,['Spike Jonze']
Memento,['Christopher Nolan']
Ford v Ferrari,['James Mangold']
One Battle After Another,['Paul Thomas Anderson']
Marching Powder,['Nick Love']
Harry Potter and the Goblet of Fire,['Mike Newell']
Back in Action,['Seth Gordon']
The Hunger Games: Catching Fire,['Francis Lawrence']
Star Wars: Episode IX - The Rise of Skywalker,['J.J. Abrams']
Aliens,['James Cameron']
Jurassic World Dominion,['Colin Trevorrow']
Havoc,['Barbara Kopple']
One of Them Days,['Lawrence Lamont']
Y2K,['Kyle Mooney']
Hell or High Water,['David Mackenzie']
The Northman,['Robert Eggers']
One Flew Over the Cuckoo's Nest,['Milos Forman']
Legend,['Brian Helgeland']
Casablanca,['Michael Curtiz']
Elevation,['George Nolfi']
Predator,['John M']
Just Go with It,['Dennis Dugan']
The Thing,['John Carpenter']
The Menu,['Mark Mylod']
The Shining,['Stanley Kubrick']
Independence Day,['Roland Emmerich']
Superbad,['Greg Mottola']
The Super Mario Bros. Movie,"['Aaron Horvat', 'hMichael Jeleni']"
Arrival,['Denis Villeneuve']
I Know What You Did Last Summer,['Jim Gillespie']
Final Destination 2,['David R. Ellis']
Borderlands,['Eli Roth']
Oddity,['Damian Mc Carthy']
Wolfs,['Jon Watts']
There's Something About Mary,['Bobby Farrell']
The Beach,['Danny Boyle']
The Equalizer,['Antoine Fuqua']
Full Metal Jacket,['Stanley Kubrick']
Mission: Impossible - Ghost Protocol,['Brad Bird']
Mob Land,['Nicholas Maggio']
Eddington,['Ari Aster']
American History X,['Tony Kaye']
Bonjour Tristesse,['Durga Chew-Bose']
Beetlejuice Beetlejuice,['Tim Burton']
The Big Lebowski,['Joel Coe']
The Big Short,['Adam M']
Cars,['John Lassete']
The Bikeriders,['Jeff Nichols']
Blue Is the Warmest Colour,['Abdellatif Kechiche']
Eternals,['Chloé Zhao']
Nymphomaniac: Vol. I,['Lars von Trier']
Baby Driver,['Edgar Wright']
The Sixth Sense,['M. Night Shyamalan']
Atonement,['Joe Wright']
The Avengers,['Joss Whedon']
Asteroid City,['Wes Anderson']
Ocean's Eleven,['Steven Soderbergh']
Mulholland Drive,['David Lynch']
Troy,['Wolfgang Petersen']
American Sniper,['Clint Eastwood']
Braveheart,['Mel Gibson']
Vanilla Sky,['Cameron Crowe']
The Grand Budapest Hotel,['Wes Anderson']
Captain America: The First Avenger,['Joe Johnston']
Challengers,['Luca Guadagnino']
Mission: Impossible II,['John Woo']
The Lion King,['Roger Aller']
Crimes of the Future,['David Cronenberg']
The Suicide Squad,['James Gunn']
Babylon,['Damien Chazelle']
Paprika,['Tinto Brass']
Kill Bill: Vol. 1,['Quentin Tarantino']
The Hangover,['Todd Phillips']
La La Land,['Damien Chazelle']
Kindergarten Cop,['Ivan Reitman']
28 Weeks Later,['Juan Carlos Fresnadillo']
Operation Fortune: Ruse de Guerre,['Guy Ritchie']
Dead Poets Society,['Peter Weir']
Napoleon Dynamite,['Jared Hess']
The Devil's Advocate,['Taylor Hackford']
Happy Gilmore,['Dennis Dugan']
Lee,['Ellen Kuras']
Pearl,['Ti West']
Airplane!,"['Jim Abraham', 'sDavid Zucke']"
Homestead,['Ben Smallbone']
Ready Player One,['Steven Spielberg']
Ready or Not,['Matt Bettinelli-Olpi']
Malena,['Giuseppe Tornatore']
The Heartbreak Kid,['Bobby Farrell']
Stand by Me,['Rob Reiner']
Reservoir Dogs,['Quentin Tarantino']
Star Trek: Section 31,['Olatunde Osunsanmi']
Jumanji,['Joe Johnston']
Saltburn,['Emerald Fennell']
Mission: Impossible III,['J.J. Abrams']
Alita: Battle Angel,['Robert Rodriguez']
Culpa Mía,['Domingo González']
The Room Next Door,['Pedro Almodóvar']
Manchester by the Sea,['Kenneth Lonergan']
Court - State Vs. A Nobody,['Ram Jagadeesh']
The Equalizer 3,['Antoine Fuqua']
War of the Worlds,['Steven Spielberg']
The Raid: Redemption,['Gareth Evans']
Almost Famous,['Cameron Crowe']
The Fifth Element,['Luc Besson']
Transformers,['Michael Bay']
Black Panther: Wakanda Forever,['Ryan Coogler']
Woman of the Hour,['Anna Kendrick']
Tron: Legacy,['Joseph Kosinski']
Madame Web,['S.J. Clarkson']
Totally Killer,['Nahnatchka Khan']
Smile,['Parker Finn']
Harry Potter and the Deathly Hallows: Part 2,['David Yates']
Interview with the Vampire,['Neil Jordan']
Final Destination 3,['James Wong']
Black Swan,['Darren Aronofsky']
Constantine,['Francis Lawrence']
Little Women,['Greta Gerwig']
Idiocracy,['Mike Judge']
Red Eye,['Wes Craven']
Megan Is Missing,['Michael Goi']
Nobody,['Ilya Naishuller']
Joker,['Todd Phillips']
The Karate Kid,['John G. Avildsen']
Indiana Jones and the Temple of Doom,['Steven Spielberg']
The Girl Next Door,['Luke Greenfield']
1917,['Sam Mendes']
Grown Ups,['Dennis Dugan']
The Voyeurs,['Michael Mohan']
Death Becomes Her,['Robert Zemeckis']
Avatar,['James Cameron']
Legally Blonde,['Robert Luketic']
EuroTrip,"['Jeff Schaffe', 'rAlec Ber']"
Fargo,['Joel Coe']
Stargate,['Roland Emmerich']
The Mummy,['Stephen Sommers']
Dora and the Lost City of Gold,['James Bobin']
Clue,['Jonathan Lynn']
Once Upon a Time in America,['Sergio Leone']
The Gift,['Joel Edgerton']
Rush,['Ron Howard']
Avatar: The Way of Water,['James Cameron']
The Final Destination,['David R. Ellis']
Rebel Ridge,['Jeremy Saulnier']
Bridget Jones: Mad About the Boy,['Michael Morris']
The Comeback Trail,['George Gallo']
The Hateful Eight,['Quentin Tarantino']
2001: A Space Odyssey,['Stanley Kubrick']
The Covenant,['Guy Ritchie']
True Grit,['Ethan Coe']
Memories of Murder,['Bong Joon Ho']
Tenet,['Christopher Nolan']
Indiana Jones and the Dial of Destiny,['James Mangold']
Divergent,['Neil Burger']
Hallow Road,['Babak Anvari']
The Smashing Machine,['John Hyams']
Fruitvale Station,['Ryan Coogler']
A Time to Kill,['Joel Schumacher']
Prometheus,['Ridley Scott']
Casino,['Martin Scorsese']
Joker: Folie à Deux,['Todd Phillips']
Uncle Buck,['John Hughes']
Unforgiven,['Clint Eastwood']
Willow,['Ron Howard']
Me Before You,['Thea Sharrock']
500 Days of Summer,['Marc Webb']
Scream,['Wes Craven']
Us,['Jordan Peele']
The Secret Life of Walter Mitty,['Ben Stiller']
Mr. Nobody,['Jaco Van Dormael']
Lilo & Stitch,"['Dean D', 'eBloi']"
Fast X,['Louis Leterrier']
Frewaka,['Aislinn Clarke']
Life Is Beautiful,['Roberto Benigni']
Good Bad Ugly,['Adhik Ravichandran']
Knock Knock,['Eli Roth']
Deadpool,['Tim Miller']
Warrior,"[""Gavin O'Connor""]"
Final Destination 5,['Steven Quale']
Promising Young Woman,['Emerald Fennell']
Come and See,['Elem Klimov']
Downfall,['Oliver Hirschbiegel']
Kingsman: The Golden Circle,['Matthew Vaughn']
Angels & Demons,['Ron Howard']
Train to Busan,['Yeon Sang-ho']
Brokeback Mountain,['Ang Lee']
2073,['Asif Kapadia']
Basic Instinct,['Paul Verhoeven']
The Great Gatsby,['Baz Luhrmann']
Zodiac,['David Fincher']
RoboCop,['Paul Verhoeven']
Kinds of Kindness,['Yorgos Lanthimos']
The Raid 2,['Gareth Evans']
Grown Ups 2,['Dennis Dugan']
Pan's Labyrinth,['Guillermo del Toro']
The Intouchables,['Olivier Nakach']
The Blue Lagoon,['Randal Kleiser']
Minority Report,['Steven Spielberg']
Apocalypto,['Mel Gibson']
A Different Man,['Aaron Schimberg']
Mamma Mia!,['Phyllida Lloyd']
Glass Onion,['Rian Johnson']
Wind River,['Taylor Sheridan']
Costao,['Sejal Shah']
Black Hawk Down,['Ridley Scott']
Love & Other Drugs,['Edward Zwick']
Homefront,['Gary Fleder']
About Time,['Richard Curtis']
Sisters,['Jason Moore']
300,['Zack Snyder']
Starship Troopers,['Paul Verhoeven']
The Equalizer 2,['Antoine Fuqua']
Sneaks,['Rob Edward']
The Conjuring,['James Wan']
Captain America: The Winter Soldier,['Anthony Russ']
Love Hurts,['Jonathan Eusebio']
"The Chronicles of Narnia: The Lion, the Witch and the Wardrobe",['Andrew Adamson']
Home Alone,['Chris Columbus']
Jumanji: Welcome to the Jungle,['Jake Kasdan']
A Clockwork Orange,['Stanley Kubrick']
Dunkirk,['Christopher Nolan']
Alarum,['Michael Polish']
We're the Millers,['Rawson Marshall Thurber']
Drive,['Nicolas Winding Refn']
The Unholy Trinity,['Richard Gray']
Love Lies Bleeding,['Rose Glass']
The Witch,['Robert Eggers']
A Knight's Tale,['Brian Helgeland']
The Place Beyond the Pines,['Derek Cianfrance']
Transformers One,['Josh Cooley']
The Fugitive,['Andrew Davis']
21 Jump Street,['Phil Lor']
Spider-Man: Into the Spider-Verse,"['Bob Persichett', 'iPeter Ramse']"
Monty Python and the Holy Grail,['Terry Gillia']
Sixteen Candles,['John Hughes']
Platoon,['Oliver Stone']
The Lord of the Rings: The Two Towers,['Peter Jackson']
Amadeus,['Milos Forman']
"Three Billboards Outside Ebbing, Missouri",['Martin M']
Mob Cops,['Danny A. Abeckaser']
The Hobbit: An Unexpected Journey,['Peter Jackson']
Point Break,['Kathryn Bigelow']
Five Nights at Freddy's,['Emma Tammi']
Hacksaw Ridge,['Mel Gibson']
The Rose of Versailles,['Ai Yoshimura']
Inside Out 2,['Kelsey Mann']
The Age of Adaline,['Lee Toland Krieger']
Ratatouille,['Brad Bir']
Thor: Ragnarok,['Taika Waititi']
Shallow Hal,['Bobby Farrell']
Star Wars: Episode VIII - The Last Jedi,['Rian Johnson']
Landmine Goes Click,['Levan Bakhia']
Jurassic World,['Colin Trevorrow']
Harry Potter and the Prisoner of Azkaban,['Alfonso Cuarón']
Call Me by Your Name,['Luca Guadagnino']
The Game,['David Fincher']
Hidden Figures,['Theodore Melfi']
Split,['M. Night Shyamalan']
Y tu mamá también,['Alfonso Cuarón']
Martyrs,['Pascal Laugier']
Here,['Robert Zemeckis']
If Only,['Gil Junger']
Stardust,['Matthew Vaughn']
Popeye: The Slayer Man,['Robert Michael Ryan']
Gunslingers,['Brian Skiba']
Unfaithful,['Adrian Lyne']
Secretary,['Steven Shainberg']
True Romance,['Tony Scott']
Edge of Tomorrow,['Doug Liman']
Total Recall,['Paul Verhoeven']
I Spit on Your Grave,['Steven R. Monroe']
Ex Machina,['Alex Garland']
The Toxic Avenger,['Macon Blair']
Once Upon a Time in the West,['Sergio Leone']
No Time to Die,['Cary Joji Fukunaga']
Superman,['Richard Donner']
The Ballad of Wallis Island,['James Griffiths']
The Hunt,['Thomas Vinterberg']
The Rule of Jenny Pen,['James Ashcroft']
Mission: Impossible - Rogue Nation,['Christopher M']
Horizon: An American Saga - Chapter 1,['Kevin Costner']
Sing,['Garth Jenning']
The Pianist,['Roman Polanski']
Creed,['Ryan Coogler']
Grave of the Fireflies,['Isao Takahata']
Charlie and the Chocolate Factory,['Tim Burton']
The Sound of Music,['Robert Wise']
The Martian,['Ridley Scott']
Despicable Me 4,['Chris Renau']
Old School,['Todd Phillips']
White Chicks,['Keenen Ivory Wayans']
The Girl with the Dragon Tattoo,['David Fincher']
Terminator: Dark Fate,['Tim Miller']
Kids,['Larry Clark']
The Revenant,['Alejandro G. Iñárritu']
The Family I Had,['Katie Gree']
The Predator,['Shane Black']
Poltergeist,['Tobe Hooper']
Lie with Me,['Clement Virgo']
Juliet & Romeo,['Timothy Scott Bogart']
Only the Brave,['Joseph Kosinski']
Wrong Turn,['Rob Schmidt']
The Wedding Banquet,['Andrew Ahn']
A Beautiful Mind,['Ron Howard']
Mid90s,['Jonah Hill']
September 5,['Tim Fehlbaum']
Fury,['David Ayer']
The Perks of Being a Wallflower,['Stephen Chbosky']
Anatomy of a Fall,['Justine Triet']
Notting Hill,['Roger Michell']
Don't Look Up,['Adam M']
Free Guy,['Shawn Levy']
Sisu,['Jalmari Helander']
Avengers: Age of Ultron,['Joss Whedon']
The General's Daughter,['Simon West']
Moana,"['Ron Clement', 'sJohn Muske']"
The Last Showgirl,['Gia Coppola']
Your Name.,['Makoto Shinkai']
Home Sweet Home: Rebirth,['Steffen Hacke']
Harry Potter and the Chamber of Secrets,['Chris Columbus']
Moneyball,['Bennett Miller']
A Dog's Way Home,['Charles Martin Smith']
Return to Silent Hill,['Christophe Gans']
Die Alone,['Lowell Dean']
Scary Movie,['Keenen Ivory Wayans']
Deva,['Rosshan Andrrews']
Princess Mononoke,['Hayao Miyazaki']
Perfect Days,['Wim Wenders']
Friday,['F. Gary Gray']
The Greatest Showman,['Michael Gracey']
Nonnas,['Stephen Chbosky']
Uncut Gems,['Benny Safdi']
Blue Velvet,['David Lynch']
Ferris Bueller's Day Off,['John Hughes']
"Good Luck to You, Leo Grande",['Sophie Hyde']
You're Cordially Invited,['Nicholas Stoller']
Harry Potter and the Order of the Phoenix,['David Yates']
I Saw the TV Glow,['Jane Schoenbrun']
Armageddon,['Michael Bay']
Psycho,['Alfred Hitchcock']
Wonka,['Paul King']
Men in Black,['Barry Sonnenfeld']
The Da Vinci Code,['Ron Howard']
The Wizard of Oz,['Victor Flemin']
Chronicle,['Josh Trank']
School of Rock,['Richard Linklater']
Bridge to Terabithia,['Gabor Csupo']
Ghosted,['Dexter Fletcher']
Thor,['Kenneth Branagh']
Trainspotting,['Danny Boyle']
The Human Centipede (First Sequence),['Tom Six']
Tremors,['Ron Underwood']
The Irishman,['Martin Scorsese']
Terrifier,['Damien Leone']
Aftersun,['Charlotte Wells']
Veera Dheera Sooran: Part 2,['S.U. Arun Kumar']
Runaway Jury,['Gary Fleder']
The Hill,['Jeff Celentano']
The Little Mermaid,['Rob Marshall']
Captain America: Civil War,['Anthony Russ']
Cruel Intentions,['Roger Kumble']
The Faculty,['Robert Rodriguez']
It's a Mad Mad Mad Mad World,['Stanley Kramer']
The Salt Path,['Marianne Elliott']
The Idea of You,['Michael Showalter']
Shrek,['Andrew Adamso']
Lucky Baskhar,['Venky Atluri']
The Cabin in the Woods,['Drew Goddard']
The Last Stop in Yuma County,['Francis Galluppi']
The Gray Man,['Joe Russ']
The Marvels,['Nia D']
Ne Zha 2,['Yu Yang']
Cheech & Chong's Last Movie,['David Bushell']
The Exorcist,['William Friedkin']
Children of Men,['Alfonso Cuarón']
Eden Lake,['James Watkins']
Shang-Chi and the Legend of the Ten Rings,['Destin Daniel Cretton']
Amélie,['Jean-Pierre Jeunet']
Jojo Rabbit,['Taika Waititi']
Into the Wild,['Sean Penn']
The Ritual,['David Midell']
Nickel Boys,['R']
Draft Day,['Ivan Reitman']
Dracula,['Francis Ford Coppola']
Meet Joe Black,['Martin Brest']
Black Adam,['Jaume Collet-Serra']
Desire,['Laurent Bouhnik']
Uncharted,['Ruben Fleischer']
Palm Springs,['Max Barbakow']
Kung Fu Panda,['Mark Osborn']
The Social Network,['David Fincher']
Office Space,['Mike Judge']
The Tomorrow War,['Chris M']
A Serbian Film,['Srdjan Spasojevic']
Fresh,['Mimi Cave']
Salem's Lot,['Gary Dauberman']
The Holdovers,['Alexander Payne']
Boogie Nights,['Paul Thomas Anderson']
Pretty Woman,['Garry Marshall']
Doctor Strange in the Multiverse of Madness,['Sam Raimi']
The Mask,['Chuck Russell']
The Incredible Hulk,['Louis Leterrier']
The Sandlot,['David Mickey Evans']
Booksmart,['Olivia Wilde']
The Expendables 4,['Scott Waugh']
The Zone of Interest,['Jonathan Glazer']
V for Vendetta,['James M']
Scent of a Woman,['Martin Brest']
Beetlejuice,['Tim Burton']
Passengers,['Morten Tyldum']
Carrie,['Brian De Palma']
Marked Men,['Nick Cassavetes']
The Fast and the Furious,['Rob Cohen']
The Virgin Suicides,['Sofia Coppola']
Sing Sing,['Greg Kwedar']
The Whale,['Darren Aronofsky']
The Naked Gun: From the Files of Police Squad!,['David Zucker']
The Hunt,['Craig Zobel']
Lucy,['Luc Besson']
In a Violent Nature,['Chris Nash']
Casino Royale,['Martin Campbell']
Predestination,['Michael Spieri']
Easy A,['Will Gluck']
Sacramento,['Michael Angarano']
The Last Voyage of the Demeter,['André Øvredal']
My Cousin Vinny,['Jonathan Lynn']
Howl's Moving Castle,['Hayao Miyazaki']
The Devil Wears Prada,['David Frankel']
Bad Boys: Ride or Die,['Adil El Arb']
Spaceballs,['Mel Brooks']
Emmanuelle,['Audrey Diwan']
Solo: A Star Wars Story,['Ron Howard']
Venom,['Ruben Fleischer']
Beauty and the Beast,['Bill Condon']
Love Actually,['Richard Curtis']
All Quiet on the Western Front,['Edward Berger']
The Lighthouse,['Robert Eggers']
E.T. the Extra-Terrestrial,['Steven Spielberg']
Alien: Covenant,['Ridley Scott']
Zootopia,"['Byron Howar', 'dRich Moor']"
Gangs of New York,['Martin Scorsese']
The Day the Earth Blew Up: A Looney Tunes Movie,['Peter Browngardt']
Sicario: Day of the Soldado,['Stefano Sollima']
A Few Good Men,['Rob Reiner']
M3GAN,['Gerard Johnstone']
Police Academy,['Hugh Wilson']
The Six Triple Eight,['Tyler Perry']
Nightcrawler,['Dan Gilroy']
The Imitation Game,['Morten Tyldum']
The Lives of Others,['Florian Henckel von Donnersmarck']
All of Us Strangers,['Andrew Haigh']
The Last Duel,['Ridley Scott']
Jack Reacher,['Christopher M']
The Killer,['David Fincher']
The Incredibles,['Brad Bird']
Borderline,['Jimmy Warden']
Les Misérables,['Tom Hooper']
Scott Pilgrim vs. the World,['Edgar Wright']
Dune,['David Lynch']
My Old Ass,['Megan Park']
The Deer Hunter,['Michael Cimino']
Fantastic Four,['Tim Story']
Baywatch,['Seth Gordon']
X-Men,['Bryan Singer']
Die Hard,['John M']
Speed,['Jan de Bont']
Late Night with the Devil,['Cameron Cairne']
The Last of the Mohicans,['Michael Mann']
Spotlight,['Tom M']
Dead Mail,"['Joe D', 'eBoe', 'rKyle M']"
The Boy and the Heron,['Hayao Miyazaki']
L.A. Confidential,['Curtis Hanson']
Shazam! Fury of the Gods,['David F. Sandberg']
Ant-Man and the Wasp,['Peyton Reed']
Triangle of Sadness,['Ruben Östlund']
West Side Story,['Steven Spielberg']
Bad Times at the El Royale,['Drew Goddard']
Argylle,['Matthew Vaughn']
Training Day,['Antoine Fuqua']
Summer of 69,['Jillian Bell']
The Patriot,['Roland Emmerich']
MadS,['David Moreau']
Crazy Rich Asians,['Jon M. Chu']
Hot Tub Time Machine,['Steve Pink']
3 Idiots,['Rajkumar Hirani']
Logan,['James Mangold']
Coco,['Lee Unkric']
Emilia Pérez,['Jacques Audiard']
Toy Story,['John Lasseter']
Survive,['Frédéric Jardin']
The King's Man,['Matthew Vaughn']
For Your Eyes Only,['John Glen']
The Nice Guys,['Shane Black']
The Maze Runner,['Wes Ball']
Caddo Lake,['Logan Georg']
Coherence,['James Ward Byrkit']
The Lost World: Jurassic Park,['Steven Spielberg']
Spider-Man: Homecoming,['Jon Watts']
Shooter,['Antoine Fuqua']
Ghostbusters,['Ivan Reitman']
How to Make Millions Before Grandma Dies,['Pat Boonnitipat']
Bring It On,['Peyton Reed']
Event Horizon,['Paul W.S. Anderson']
Transformers: The Last Knight,['Michael Bay']
Frozen,['Chris Buc']
Good Boy,['Ben Leonberg']
The Lost Boys,['Joel Schumacher']
After,['Jenny Gage']
Van Helsing,['Stephen Sommers']
Puss in Boots: The Last Wish,['Joel Crawfor']
The Wedding Singer,['Frank Coraci']
The Magnificent Seven,['Antoine Fuqua']
A Quiet Place: Day One,['Michael Sarnoski']
Psycho Therapy: The Shallow Tale of a Writer Who Decided to Write About a Serial Killer,['Tolga Karaçelik']
Taken,['Pierre Morel']
Man of Steel,['Zack Snyder']
Wifelike,['James Bird']
Beautiful Boy,['Felix van Groeningen']
IF,['John Krasinski']
Sense and Sensibility,['Ang Lee']
The Parent Trap,['Nancy Meyers']
Finding Nemo,['Andrew Stanto']
Iron Man 2,['Jon Favreau']
Cinderella,['Kenneth Branagh']
Kneecap,['Rich Peppiatt']
Little Miss Sunshine,['Jonathan Dayto']
Star Trek,['J.J. Abrams']
Hook,['Steven Spielberg']
2012,['Roland Emmerich']
Harry Potter and the Deathly Hallows: Part 1,['David Yates']
The Lord of the Rings: The War of the Rohirrim,['Kenji Kamiyama']
Demolition,['Jean-Marc Vallée']
Fantastic Mr. Fox,['Wes Anderson']
Top Secret!,"['Jim Abraham', 'sDavid Zucke']"
Jerry Maguire,['Cameron Crowe']
Pirates of the Caribbean: Dead Men Tell No Tales,['Joachim Rønnin']
The Elephant Man,['David Lynch']
The Crow,['Rupert Sanders']
Pirates of the Caribbean: Dead Man's Chest,['Gore Verbinski']
Red One,['Jake Kasdan']
Ground Zero,['Tejas Prabha Vijay Deoskar']
Batman,['Tim Burton']
Fantastic Four,['Josh Trank']
Predators,['Nimród Antal']
Ted,['Seth Ma']
Caveat,['Damian Mc Carthy']
Hamilton,['Thomas Kail']
Oblivion,['Joseph Kosinski']
"Lock, Stock and Two Smoking Barrels",['Guy Ritchie']
Weird Science,['John Hughes']
Fantastic Beasts and Where to Find Them,['David Yates']
Pink Floyd: Live at Pompeii,['Adrian Maben']
In Time,['Andrew Niccol']
Contagion,['Steven Soderbergh']
Raid,['Raj Kumar Gupta']
Inside Man,['Spike Lee']
Rain Man,['Barry Levinson']
Cast Away,['Robert Zemeckis']
Lost in Translation,['Sofia Coppola']
Red Sparrow,['Francis Lawrence']
Kingdom of the Planet of the Apes,['Wes Ball']
WALL·E,['Andrew Stanton']
Pale Rider,['Clint Eastwood']
Iron Man 3,['Shane Black']
The Old Guard 2,['Victoria Mahoney']
Saw,['James Wan']
The Rocky Horror Picture Show,['Jim Sharman']
The Rock,['Michael Bay']
Death Proof,['Quentin Tarantino']
Mystic River,['Clint Eastwood']
Opus,['Mark Anthony Green']
Geostorm,['Dean Devlin']
Dogma,['Kevin Smith']
Underwater,['William Eubank']
13 Hours: The Secret Soldiers of Benghazi,['Michael Bay']
Margin Call,['J.C. Chandor']
Zack Snyder's Justice League,['Zack Snyder']
Gone with the Wind,['Victor Fleming']
Nightbitch,['Marielle Heller']
It's What's Inside,['Greg Jardin']
The Abyss,['James Cameron']
Tangled,['Nathan Gren']
The 40-Year-Old Virgin,['Judd Apatow']
Wedding Crashers,['David Dobkin']
Ben-Hur,['William Wyler']
Deadpool 2,['David Leitch']
Napoleon,['Ridley Scott']
A Quiet Place,['John Krasinski']
Hot Fuzz,['Edgar Wright']
Willy Wonka & the Chocolate Factory,['Mel Stuart']
Ant-Man and the Wasp: Quantumania,['Peyton Reed']
The Last Rodeo,['Jon Avnet']
12 Years a Slave,['Steve M']
Instant Family,['Sean Anders']
Secretariat,['Randall Wallace']
Rocky,['John G. Avildsen']
The Lion King,['Jon Favreau']
Tusk,['Kevin Smith']
The Flash,['Andy Muschietti']
Black Mirror: Bandersnatch,['David Slade']
"Girl, Interrupted",['James Mangold']
Coyote Ugly,['David M']
Holes,['Andrew Davis']
Hannibal,['Ridley Scott']
Thirteen,['Catherine Hardwicke']
The Dark Tower,['Nikolaj Arcel']
The Descent,['Neil Marshall']
Erin Brockovich,['Steven Soderbergh']
Aladdin,['Guy Ritchie']
X-Men: First Class,['Matthew Vaughn']
Man on Fire,['Tony Scott']
Last Night in Soho,['Edgar Wright']
The Fast and the Furious: Tokyo Drift,['Justin Lin']
Dirty Dancing,['Emile Ardolino']
La cocina,['Alonso Ruizpalacios']
"Monsters, Inc.","['Pete Docte', 'rDavid Silverma']"
Mr. & Mrs. Smith,['Doug Liman']
Blended,['Frank Coraci']
Death on the Nile,['Kenneth Branagh']
Not Another Teen Movie,['Joel Gallen']
Fly Me to the Moon,['Greg Berlanti']
9 Songs,['Michael Winterbottom']
Peter Pan's Neverland Nightmare,['Scott Chambers']
World War Z,['Marc Forster']
The Watchers,['Ishana Shyamalan']
Drive-Away Dolls,['Ethan Coen']
Priscilla,['Sofia Coppola']
The Ritual,['David Bruckner']
Shame,['Steve M']
The King,['David Michôd']
Nocturnal Animals,['Tom Ford']
The Prince of Egypt,"['Brenda Chapma', 'nSteve Hickne']"
Purple Hearts,['Elizabeth Allen Rosenbaum']
Bring Them Down,['Chris Andrews']
Licorice Pizza,['Paul Thomas Anderson']
Murder on the Orient Express,['Kenneth Branagh']
La Dolce Villa,['Mark Waters']
Perfect Blue,['Satoshi Kon']
The Banshees of Inisherin,['Martin M']
The Bourne Identity,['Doug Liman']
The Curious Case of Benjamin Button,['David Fincher']
The Perfect Storm,['Wolfgang Petersen']
Tinker Tailor Soldier Spy,['Tomas Alfredson']
King Kong,['Peter Jackson']
"Husband, Father, Killer: The Alyssa Pladl Story",['Elisabeth Röhm']
Godzilla x Kong: The New Empire,['Adam Wingard']
