Title,Genres
Sinners,"['Period Drama', 'Supernatural Horror', 'Vampire Horror', 'Action', 'Drama', 'Horror', 'Thriller']"
Havoc,"['Conspiracy Thriller', 'Drug Crime', 'Gun Fu', 'Martial Arts', 'One-Person Army Action', 'Suspense Mystery', 'Action', 'Crime', 'Drama', 'Mystery']"
Another Simple Favor,"['Dark Comedy', 'Whodunnit', 'Comedy', 'Crime', 'Mystery', 'Thriller']"
The Accountant 2,"['Whodunnit', 'Action', 'Crime', 'Drama', 'Mystery', 'Thriller']"
Conclave,"['Conspiracy Thriller', 'Drama', 'Thriller']"
Exterritorial,"['Action', 'Mystery', 'Thriller']"
A Minecraft Movie,"['Action Epic', 'Adventure Epic', 'Fantasy Epic', 'High-Concept Comedy', 'Quest', 'Slapstick', 'Survival', 'Action', 'Adventure', 'Comedy']"
Until Dawn,"['Psychological Drama', 'Psychological Horror', 'Slasher Horror', 'Splatter Horror', 'Supernatural Horror', 'Zombie Horror', 'Drama', 'Horror']"
Drop,"['Whodunnit', 'Drama', 'Mystery', 'Thriller']"
Death of a Unicorn,"['Dark Comedy', 'Dark Fantasy', 'Monster Horror', 'Comedy', 'Fantasy', 'Horror', 'Thriller']"
A Simple Favor,"['Dark Comedy', 'Psychological Thriller', 'Comedy', 'Crime', 'Mystery', 'Thriller']"
Weapons,"['Horror', 'Mystery']"
Warfare,"['Docudrama', 'War Epic', 'Action', 'Drama', 'War']"
The Accountant,"['Conspiracy Thriller', 'Martial Arts', 'One-Person Army Action', 'Action', 'Crime', 'Drama', 'Thriller']"
Snow White,"['Fairy Tale', 'Feel-Good Romance', 'Adventure', 'Family', 'Fantasy', 'Musical', 'Romance']"
Companion,"['Artificial Intelligence', 'Dark Comedy', 'Psychological Thriller', 'Sci-Fi', 'Thriller']"
Raid 2,"['Crime', 'Drama', 'Thriller']"
Black Bag,"['Spy', 'Drama', 'Mystery', 'Romance', 'Thriller']"
Ash,"['Alien Invasion', 'Monster Horror', 'Psychological Horror', 'Psychological Thriller', 'Space Sci-Fi', 'Survival', 'Horror', 'Sci-Fi', 'Thriller']"
Babygirl,"['Erotic Thriller', 'Workplace Drama', 'Drama', 'Romance', 'Thriller']"
The Amateur,"['Spy', 'Action', 'Thriller']"
Mickey 17,"['Alien Invasion', 'Dark Comedy', 'Space Sci-Fi', 'Adventure', 'Comedy', 'Fantasy', 'Sci-Fi']"
Mission: Impossible - The Final Reckoning,"['Adventure Epic', 'Action', 'Adventure', 'Thriller']"
Star Wars: Episode III - Revenge of the Sith,"['Action Epic', 'Adventure Epic', 'Dark Fantasy', 'Epic', 'Fantasy Epic', 'Sci-Fi Epic', 'Space Sci-Fi', 'Tragedy', 'Action', 'Adventure']"
Anora,"['Dark Comedy', 'Raunchy Comedy', 'Steamy Romance', 'Comedy', 'Drama', 'Romance']"
Final Destination: Bloodlines,"['Slasher Horror', 'Splatter Horror', 'Supernatural Horror', 'Horror']"
Rust,['Western']
Freaky Tales,"['Action', 'Adventure', 'Comedy', 'Crime', 'Drama']"
The Four Seasons,"['Comedy', 'Drama']"
Captain America: Brave New World,"['Action Epic', 'Adventure Epic', 'Sci-Fi Epic', 'Superhero', 'Action', 'Adventure', 'Sci-Fi']"
A Working Man,"['Conspiracy Thriller', 'One-Person Army Action', 'Action', 'Thriller']"
A Complete Unknown,"['Docudrama', 'Period Drama', 'Showbiz Drama', 'Biography', 'Drama', 'Music']"
Gladiator II,"['Action Epic', 'Adventure Epic', 'Epic', 'Period Drama', 'Sword & Sandal', 'Action', 'Adventure', 'Drama']"
Nosferatu,"['Dark Fantasy', 'Supernatural Horror', 'Vampire Horror', 'Fantasy', 'Horror', 'Mystery']"
The Substance,"['Body Horror', 'Dark Comedy', 'Monster Horror', 'Psychological Horror', 'Showbiz Drama', 'Drama', 'Horror', 'Sci-Fi']"
Bullet Train Explosion,"['Disaster', 'Action', 'Crime', 'Drama', 'Thriller']"
iHostage,"['Crime', 'Drama', 'Thriller']"
Neighborhood Watch,"['Crime', 'Thriller']"
Heretic,"['Psychological Horror', 'Psychological Thriller', 'Horror', 'Thriller']"
The Monkey,"['Dark Comedy', 'Splatter Horror', 'Horror']"
The Surfer,"['Psychological Thriller', 'Thriller']"
Locked,"['Psychological Thriller', 'Thriller']"
Winter Spring Summer or Fall,"['Coming-of-Age', 'Drama', 'Romance']"
The Gorge,"['Dark Romance', 'Monster Horror', 'Survival', 'Action', 'Adventure', 'Horror', 'Romance', 'Sci-Fi']"
Gladiator,"['Action Epic', 'Adventure Epic', 'Epic', 'Period Drama', 'Sword & Sandal', 'Action', 'Adventure', 'Drama']"
Novocaine,"['Dark Comedy', 'One-Person Army Action', 'Superhero', 'Action', 'Comedy', 'Thriller']"
Pride & Prejudice,"['Costume Drama', 'Feel-Good Romance', 'Period Drama', 'Romantic Epic', 'Drama', 'Romance']"
The Life List,"['Feel-Good Romance', 'Romantic Comedy', 'Comedy', 'Drama', 'Romance']"
Rogue One: A Star Wars Story,"['Action Epic', 'Adventure Epic', 'Sci-Fi Epic', 'Space Sci-Fi', 'Tragedy', 'Action', 'Adventure', 'Sci-Fi']"
28 Years Later,"['Zombie Horror', 'Horror', 'Thriller']"
Together,"['Body Horror', 'Psychological Horror', 'Horror', 'Sci-Fi']"
The Shawshank Redemption,"['Epic', 'Period Drama', 'Prison Drama', 'Drama']"
G20,"['Action', 'Thriller']"
Jewel Thief: The Heist Begins,"['Action', 'Adventure', 'Thriller']"
The Order,"['Heist', 'True Crime', 'Crime', 'Drama', 'Thriller']"
Last Breath,"['Sea Adventure', 'Drama', 'Thriller']"
The Electric State,"['Action Epic', 'Adventure Epic', 'Artificial Intelligence', 'Dystopian Sci-Fi', 'Epic', 'Quest', 'Sci-Fi Epic', 'Urban Adventure', 'Action', 'Adventure']"
Lilo & Stitch,"['Alien Invasion', 'Buddy Comedy', 'Sci-Fi Epic', 'Space Sci-Fi', 'Action', 'Adventure', 'Comedy', 'Drama', 'Family', 'Fantasy']"
Now You See Me,"['Caper', 'Heist', 'Crime', 'Mystery', 'Thriller']"
Den of Thieves: Pantera,"['Heist', 'Action', 'Crime', 'Drama', 'Thriller']"
How to Train Your Dragon,"['Sword & Sorcery', 'Teen Adventure', 'Teen Fantasy', 'Action', 'Adventure', 'Comedy', 'Drama', 'Family', 'Fantasy']"
Oppenheimer,"['Docudrama', 'Epic', 'Historical Epic', 'Period Drama', 'Psychological Drama', 'Biography', 'Drama', 'History']"
The Friend,['Drama']
Wicked,"['Fairy Tale', 'Pop Musical', 'Fantasy', 'Musical', 'Romance']"
The King of Kings,"['Computer Animation', 'Animation', 'Family']"
The Brutalist,"['Epic', 'Drama']"
Cleaner,"['One-Person Army Action', 'Action', 'Drama', 'Thriller']"
Interstellar,"['Adventure Epic', 'Epic', 'Quest', 'Sci-Fi Epic', 'Space Sci-Fi', 'Time Travel', 'Adventure', 'Drama', 'Sci-Fi']"
The Godfather,"['Epic', 'Gangster', 'Tragedy', 'Crime', 'Drama']"
Barbarian,"['Psychological Horror', 'Psychological Thriller', 'Suspense Mystery', 'Horror', 'Mystery', 'Thriller']"
Black Widow,"['Spy', 'Superhero', 'Action', 'Adventure', 'Sci-Fi']"
The Penguin Lessons,['Drama']
From the World of John Wick: Ballerina,"['One-Person Army Action', 'Action', 'Thriller']"
Twisters,"['Disaster', 'Action', 'Adventure', 'Thriller']"
The Two Popes,"['Docudrama', 'Biography', 'Comedy', 'Drama']"
Once Upon a Time... in Hollywood,"['Period Drama', 'Showbiz Drama', 'Comedy', 'Drama']"
Top Gun: Maverick,"['Action Epic', 'Epic', 'Action', 'Drama']"
Mufasa: The Lion King,"['Animal Adventure', 'Computer Animation', 'Adventure', 'Animation', 'Drama', 'Family', 'Fantasy', 'Musical']"
Salvable,"['Crime', 'Drama']"
The Legend of Ochi,"['Quest', 'Teen Fantasy', 'Adventure', 'Family', 'Fantasy']"
Kesari Chapter 2: The Untold Story of Jallianwala Bagh,"['Docudrama', 'Legal Drama', 'Period Drama', 'Biography', 'Drama', 'History']"
Tombstone,"['Costume Drama', 'Docudrama', 'Period Drama', 'Western Epic', 'Biography', 'Drama', 'History', 'Western']"
Kraven the Hunter,"['One-Person Army Action', 'Superhero', 'Action', 'Adventure', 'Thriller']"
The Commitments,"['Comedy', 'Drama', 'Music']"
Deadpool & Wolverine,"['Buddy Comedy', 'Dark Comedy', 'Raunchy Comedy', 'Superhero', 'Action', 'Adventure', 'Comedy', 'Sci-Fi']"
The Dark Knight,"['Action Epic', 'Epic', 'Superhero', 'Tragedy', 'Action', 'Crime', 'Drama', 'Thriller']"
Trap,"['Psychological Horror', 'Psychological Thriller', 'Serial Killer', 'Crime', 'Horror', 'Mystery', 'Thriller']"
Inception,"['Action Epic', 'Adventure Epic', 'Epic', 'Psychological Thriller', 'Sci-Fi Epic', 'Action', 'Adventure', 'Sci-Fi', 'Thriller']"
Karate Kid: Legends,"['Coming-of-Age', 'Martial Arts', 'Teen Drama', 'Action', 'Drama', 'Family', 'Sport']"
Deep Cover,"['Comedy', 'Crime']"
A Real Pain,"['Buddy Comedy', 'Comedy', 'Drama']"
Speak No Evil,"['Psychological Drama', 'Psychological Horror', 'Psychological Thriller', 'Drama', 'Horror', 'Thriller']"
Love,"['Steamy Romance', 'Drama', 'Romance']"
Jurassic World Rebirth,"['Dinosaur Adventure', 'Action', 'Adventure', 'Sci-Fi', 'Thriller']"
Star Wars: Episode IV - A New Hope,"['Action Epic', 'Adventure Epic', 'Dystopian Sci-Fi', 'Epic', 'Fantasy Epic', 'Quest', 'Sci-Fi Epic', 'Space Sci-Fi', 'Sword & Sorcery', 'Action']"
Fear Street: Prom Queen,"['Slasher Horror', 'Supernatural Horror', 'Teen Horror', 'Whodunnit', 'Horror', 'Mystery', 'Thriller']"
Den of Thieves,"['Cop Drama', 'Heist', 'Action', 'Crime', 'Drama', 'Thriller']"
Mission: Impossible - Dead Reckoning Part One,"['Action Epic', 'Adventure Epic', 'Spy', 'Action', 'Adventure', 'Thriller']"
Inglourious Basterds,"['Dark Comedy', 'Period Drama', 'Adventure', 'Drama', 'War']"
Alien: Romulus,"['Monster Horror', 'Space Sci-Fi', 'Horror', 'Sci-Fi', 'Thriller']"
Harry Potter and the Sorcerer's Stone,"['Teen Fantasy', 'Adventure', 'Family', 'Fantasy', 'Holiday']"
Titanic,"['Disaster', 'Epic', 'Period Drama', 'Romantic Epic', 'Tragedy', 'Tragic Romance', 'Drama', 'Romance']"
Pulp Fiction,"['Dark Comedy', 'Drug Crime', 'Gangster', 'Crime', 'Drama']"
The Wild Robot,"['Artificial Intelligence', 'Computer Animation', 'Survival', 'Animation', 'Sci-Fi']"
Lolita,"['Dark Comedy', 'Dark Romance', 'Tragedy', 'Drama', 'Romance']"
Mysterious Island,"['Adventure', 'Family', 'Fantasy', 'Sci-Fi']"
The Lord of the Rings: The Fellowship of the Ring,"['Action Epic', 'Adventure Epic', 'Dark Fantasy', 'Epic', 'Fantasy Epic', 'Quest', 'Sword & Sorcery', 'Adventure', 'Drama', 'Fantasy']"
Final Destination,"['Splatter Horror', 'Supernatural Horror', 'Teen Horror', 'Horror', 'Thriller']"
Virgin Territory,"['Costume Drama', 'Raunchy Comedy', 'Teen Comedy', 'Adventure', 'Comedy', 'Romance']"
Now You See Me 2,"['Caper', 'Heist', 'Action', 'Adventure', 'Comedy', 'Crime', 'Mystery', 'Thriller']"
The Wolf of Wall Street,"['Dark Comedy', 'Docudrama', 'Epic', 'Raunchy Comedy', 'Satire', 'True Crime', 'Biography', 'Comedy', 'Crime', 'Drama']"
Star Wars: Episode I - The Phantom Menace,"['Action Epic', 'Adventure Epic', 'Fantasy Epic', 'Quest', 'Sci-Fi Epic', 'Space Sci-Fi', 'Action', 'Adventure', 'Fantasy', 'Sci-Fi']"
Dune: Part Two,"['Action Epic', 'Desert Adventure', 'Epic', 'Sci-Fi Epic', 'Space Sci-Fi', 'Action', 'Adventure', 'Drama', 'Sci-Fi']"
Avengers: Endgame,"['Space Sci-Fi', 'Superhero', 'Time Travel', 'Tragedy', 'Action', 'Adventure', 'Sci-Fi']"
The Hunger Games,"['Dystopian Sci-Fi', 'Teen Adventure', 'Action', 'Adventure', 'Sci-Fi', 'Thriller']"
The Bhootnii,"['Action', 'Comedy', 'Horror']"
Heat,"['Action Epic', 'Cop Drama', 'Epic', 'Gangster', 'Heist', 'Action', 'Crime', 'Drama']"
The Truman Show,"['Dark Comedy', 'High-Concept Comedy', 'Psychological Drama', 'Satire', 'Showbiz Drama', 'Comedy', 'Drama']"
Retro,"['Action', 'Drama', 'Romance']"
Fight or Flight,"['Martial Arts', 'One-Person Army Action', 'Action', 'Comedy']"
Flow,"['Animal Adventure', 'Computer Animation', 'Survival', 'Adventure', 'Animation', 'Family', 'Fantasy']"
The Alto Knights,"['Docudrama', 'Gangster', 'Period Drama', 'True Crime', 'Biography', 'Crime', 'Drama', 'History']"
Screamboat,"['Dark Comedy', 'Slasher Horror', 'Comedy', 'Horror']"
The Woman in the Yard,"['Psychological Thriller', 'Supernatural Horror', 'Drama', 'Horror', 'Thriller']"
Moana 2,"['Computer Animation', 'Sea Adventure', 'Adventure', 'Animation', 'Comedy', 'Family', 'Fantasy', 'Musical']"
The Ugly Stepsister,"['Body Horror', 'Psychological Horror', 'Satire', 'Slasher Horror', 'Comedy', 'Drama', 'Horror']"
Sonic the Hedgehog 3,"['Animal Adventure', 'Fantasy Epic', 'Globetrotting Adventure', 'Superhero', 'Supernatural Fantasy', 'Action', 'Adventure', 'Comedy', 'Family', 'Fantasy']"
X,"['Slasher Horror', 'Suspense Mystery', 'Horror', 'Mystery', 'Thriller']"
Wolf Man,"['Body Horror', 'Werewolf Horror', 'Horror']"
Fight Club,"['Psychological Drama', 'Psychological Thriller', 'Workplace Drama', 'Crime', 'Drama', 'Thriller']"
In the Lost Lands,"['Dark Fantasy', 'Supernatural Fantasy', 'Survival', 'Action', 'Adventure', 'Fantasy']"
The Silence of the Lambs,"['Police Procedural', 'Psychological Drama', 'Psychological Horror', 'Psychological Thriller', 'Serial Killer', 'Slasher Horror', 'Crime', 'Drama', 'Horror', 'Thriller']"
No Hard Feelings,"['Raunchy Comedy', 'Romantic Comedy', 'Teen Comedy', 'Teen Romance', 'Comedy', 'Romance']"
The Hunger Games: The Ballad of Songbirds & Snakes,"['Dystopian Sci-Fi', 'Teen Adventure', 'Action', 'Adventure', 'Drama', 'Sci-Fi', 'Thriller', 'War']"
"Sorry, Baby",['Drama']
Parasite,"['Dark Comedy', 'Korean Drama', 'Psychological Thriller', 'Tragedy', 'Drama', 'Thriller']"
Schindler's List,"['Docudrama', 'Epic', 'Historical Epic', 'Period Drama', 'Prison Drama', 'Tragedy', 'Biography', 'Drama', 'History']"
Fountain of Youth,"['Adventure', 'Fantasy', 'Mystery']"
Midsommar,"['Dark Comedy', 'Folk Horror', 'Psychological Drama', 'Psychological Horror', 'Psychological Thriller', 'Drama', 'Horror', 'Mystery', 'Thriller']"
Civil War,"['Political Thriller', 'Road Trip', 'Action', 'Thriller']"
Goodfellas,"['Docudrama', 'Gangster', 'True Crime', 'Biography', 'Crime', 'Drama']"
Smile 2,"['Psychological Horror', 'Showbiz Drama', 'Supernatural Horror', 'Tragedy', 'Horror', 'Mystery', 'Thriller']"
Parthenope,"['Coming-of-Age', 'Drama', 'Fantasy']"
Clown in a Cornfield,"['Dark Comedy', 'Slasher Horror', 'Teen Horror', 'Horror']"
Dazed and Confused,"['Coming-of-Age', 'Stoner Comedy', 'Teen Comedy', 'Comedy']"
Se7en,"['Cop Drama', 'Hard-boiled Detective', 'Legal Drama', 'Police Procedural', 'Psychological Drama', 'Psychological Thriller', 'Serial Killer', 'Crime', 'Drama', 'Mystery']"
I'm Still Here,"['Docudrama', 'Period Drama', 'Political Drama', 'Biography', 'Drama', 'History']"
The Life of Chuck,"['Drama', 'Fantasy', 'Sci-Fi']"
The Princess Bride,"['Adventure Epic', 'Fairy Tale', 'Fantasy Epic', 'Quest', 'Swashbuckler', 'Sword & Sorcery', 'Teen Fantasy', 'Adventure', 'Comedy', 'Family']"
Primal Fear,"['Legal Thriller', 'Psychological Thriller', 'Crime', 'Drama', 'Mystery', 'Thriller']"
Magazine Dreams,"['Psychological Drama', 'Drama']"
Anyone But You,"['Romantic Comedy', 'Comedy', 'Romance']"
28 Days Later,"['Body Horror', 'Disaster', 'Dystopian Sci-Fi', 'Monster Horror', 'Psychological Horror', 'Road Trip', 'Sci-Fi Epic', 'Zombie Horror', 'Drama', 'Horror']"
Forrest Gump,"['Epic', 'Drama', 'Romance']"
Longlegs,"['Conspiracy Thriller', 'Psychological Horror', 'Psychological Thriller', 'Serial Killer', 'Supernatural Horror', 'Crime', 'Horror', 'Thriller']"
Poor Things,"['Dark Comedy', 'Steampunk', 'Comedy', 'Drama', 'Romance', 'Sci-Fi']"
It Ends with Us,"['Drama', 'Romance']"
The Phoenician Scheme,"['Spy', 'Action', 'Comedy', 'Crime', 'Drama', 'Thriller']"
The Ministry of Ungentlemanly Warfare,"['War Epic', 'Action', 'Comedy', 'War']"
We Live in Time,"['Feel-Good Romance', 'Drama', 'Romance']"
The Shrouds,"['Body Horror', 'Drama', 'Horror', 'Sci-Fi', 'Thriller']"
365 Days,"['Steamy Romance', 'Drama', 'Romance']"
The Prestige,"['Period Drama', 'Steampunk', 'Tragedy', 'Drama', 'Mystery', 'Sci-Fi', 'Thriller']"
The Return,"['Psychological Drama', 'Tragedy', 'Adventure', 'Drama', 'History']"
Jurassic Park,"['Dinosaur Adventure', 'Jungle Adventure', 'Action', 'Adventure', 'Sci-Fi', 'Thriller']"
Mission: Impossible,"['Spy', 'Urban Adventure', 'Action', 'Adventure', 'Thriller']"
On Swift Horses,['Drama']
Fifty Shades of Grey,"['Erotic Thriller', 'Psychological Drama', 'Psychological Thriller', 'Steamy Romance', 'Drama', 'Romance', 'Thriller']"
The Batman,"['Action Epic', 'Epic', 'Serial Killer', 'Superhero', 'Action', 'Crime', 'Drama', 'Mystery', 'Thriller']"
The Dark Knight Rises,"['Action Epic', 'Epic', 'Superhero', 'Action', 'Crime', 'Drama', 'Thriller']"
Superboys of Malegaon,"['Comedy', 'Drama']"
Friendship,['Comedy']
Raiders of the Lost Ark,"['Adventure Epic', 'Desert Adventure', 'Globetrotting Adventure', 'Quest', 'Action', 'Adventure']"
Jaat,"['Action Epic', 'One-Person Army Action', 'Action', 'Drama', 'Thriller']"
Django Unchained,"['Dark Comedy', 'Epic', 'One-Person Army Action', 'Period Drama', 'Western Epic', 'Western']"
Venom: The Last Dance,"['Alien Invasion', 'Kaiju', 'Road Trip', 'Superhero', 'Action', 'Adventure', 'Sci-Fi', 'Thriller']"
Spider-Man: Across the Spider-Verse,"['Computer Animation', 'Superhero', 'Supernatural Fantasy', 'Teen Adventure', 'Urban Adventure', 'Action', 'Adventure', 'Animation', 'Family', 'Fantasy']"
From Dusk Till Dawn,"['Dark Comedy', 'Splatter Horror', 'Supernatural Horror', 'Vampire Horror', 'Action', 'Crime', 'Horror']"
Heart Eyes,"['Dark Comedy', 'Slasher Horror', 'Splatter Horror', 'Whodunnit', 'Comedy', 'Horror', 'Mystery']"
The Matrix,"['Action Epic', 'Artificial Intelligence', 'Cyberpunk', 'Dystopian Sci-Fi', 'Gun Fu', 'Martial Arts', 'Sci-Fi Epic', 'Action', 'Sci-Fi']"
American Pie,"['Raunchy Comedy', 'Teen Comedy', 'Comedy']"
Batman Begins,"['Action Epic', 'Epic', 'Superhero', 'Tragedy', 'Action', 'Crime', 'Drama', 'Thriller']"
The Departed,"['Cop Drama', 'Epic', 'Gangster', 'Crime', 'Drama', 'Thriller']"
The Gentlemen,"['Caper', 'Dark Comedy', 'Drug Crime', 'Gangster', 'Action', 'Crime']"
Twilight,"['Dark Fantasy', 'Teen Drama', 'Teen Fantasy', 'Teen Romance', 'Drama', 'Fantasy', 'Romance']"
HIT: The 3rd Case,"['Action', 'Crime', 'Thriller']"
Prey,"['Alien Invasion', 'Monster Horror', 'Action', 'Adventure', 'Horror', 'Sci-Fi', 'Thriller']"
The Apprentice,"['Docudrama', 'Period Drama', 'Biography', 'Drama', 'History']"
Holland,['Thriller']
Juror #2,"['Legal Drama', 'Legal Thriller', 'Crime', 'Drama', 'Mystery', 'Thriller']"
Gone Girl,"['Erotic Thriller', 'Psychological Drama', 'Psychological Thriller', 'Suspense Mystery', 'Tragedy', 'Whodunnit', 'Drama', 'Mystery', 'Thriller']"
Borbaad,"['Action', 'Romance', 'Thriller']"
Back to the Future,"['High-Concept Comedy', 'Teen Adventure', 'Teen Comedy', 'Time Travel', 'Urban Adventure', 'Adventure', 'Comedy', 'Sci-Fi']"
Grease,"['Feel-Good Romance', 'Pop Musical', 'Rock Musical', 'Romantic Comedy', 'Teen Comedy', 'Teen Romance', 'Comedy', 'Musical', 'Romance']"
The Goonies,"['Quest', 'Teen Adventure', 'Teen Comedy', 'Adventure', 'Comedy', 'Family']"
The Assessment,"['Dystopian Sci-Fi', 'Psychological Drama', 'Drama', 'Sci-Fi']"
Furiosa: A Mad Max Saga,"['Action Epic', 'Car Action', 'Desert Adventure', 'Dystopian Sci-Fi', 'Action', 'Adventure', 'Sci-Fi', 'Thriller']"
Blade Runner 2049,"['Action Epic', 'Artificial Intelligence', 'Cyber Thriller', 'Cyberpunk', 'Dystopian Sci-Fi', 'Epic', 'Sci-Fi Epic', 'Action', 'Drama', 'Mystery']"
Whiplash,"['Psychological Drama', 'Drama', 'Music']"
Requiem for a Dream,"['Psychological Drama', 'Tragedy', 'Drama']"
Star Wars: Episode II - Attack of the Clones,"['Action Epic', 'Adventure Epic', 'Fantasy Epic', 'Sci-Fi Epic', 'Space Sci-Fi', 'Action', 'Adventure', 'Fantasy', 'Sci-Fi']"
The Passion of the Christ,"['Epic', 'Period Drama', 'Drama']"
Alien,"['Alien Invasion', 'Cyberpunk', 'Monster Horror', 'Space Sci-Fi', 'Tragedy', 'Horror', 'Sci-Fi']"
Léon: The Professional,"['Gangster', 'One-Person Army Action', 'Action', 'Crime', 'Drama', 'Thriller']"
Adult Best Friends,['Comedy']
The Notebook,"['Romantic Epic', 'Drama', 'Romance']"
Good Will Hunting,"['Coming-of-Age', 'Psychological Drama', 'Drama', 'Romance']"
No Country for Old Men,"['Contemporary Western', 'Psychological Thriller', 'Serial Killer', 'Crime', 'Drama', 'Thriller']"
Spider-Man: No Way Home,"['Superhero', 'Supernatural Fantasy', 'Urban Adventure', 'Action', 'Adventure', 'Fantasy', 'Sci-Fi']"
Matilda,"['Quirky Comedy', 'Supernatural Fantasy', 'Comedy', 'Family', 'Fantasy']"
Wrath of Man,"['Heist', 'One-Person Army Action', 'Action', 'Crime', 'Thriller']"
Blink Twice,"['Psychological Thriller', 'Whodunnit', 'Mystery', 'Thriller']"
Flight Risk,"['Action', 'Crime', 'Drama', 'Thriller']"
Hell of a Summer,"['Dark Comedy', 'Slasher Horror', 'Whodunnit', 'Comedy', 'Horror', 'Mystery']"
Leave the World Behind,"['Psychological Thriller', 'Drama', 'Mystery', 'Thriller']"
Thudarum,['Drama']
All Ladies Do It,"['Raunchy Comedy', 'Comedy', 'Drama']"
Strange Darling,"['Erotic Thriller', 'Psychological Thriller', 'Horror', 'Thriller']"
Megalopolis,"['Epic', 'Sci-Fi Epic', 'Tragedy', 'Drama', 'Fantasy', 'Sci-Fi']"
Pirates of the Caribbean: The Curse of the Black Pearl,"['Sea Adventure', 'Supernatural Fantasy', 'Swashbuckler', 'Sword & Sandal', 'Action', 'Adventure', 'Fantasy']"
Avengers: Infinity War,"['Space Sci-Fi', 'Superhero', 'Action', 'Adventure', 'Sci-Fi']"
Donnie Darko,"['Psychological Drama', 'Psychological Thriller', 'Time Travel', 'Drama', 'Mystery', 'Sci-Fi', 'Thriller']"
Prisoners,"['Psychological Thriller', 'Suspense Mystery', 'Crime', 'Drama', 'Mystery', 'Thriller']"
The Dreamers,"['Steamy Romance', 'Drama', 'Romance']"
Top Gun,"['Action Epic', 'Action', 'Drama']"
Hurry Up Tomorrow,"['Psychological Thriller', 'Thriller']"
Paul,"['Alien Invasion', 'Buddy Comedy', 'Road Trip', 'Adventure', 'Comedy', 'Sci-Fi']"
Barbie,"['High-Concept Comedy', 'Quirky Comedy', 'Satire', 'Adventure', 'Comedy', 'Fantasy']"
Life or Something Like It,"['Romantic Comedy', 'Comedy', 'Romance']"
Scarface,"['Drug Crime', 'Epic', 'Gangster', 'Tragedy', 'Crime', 'Drama']"
Chhaava,"['Action Epic', 'Costume Drama', 'Epic', 'Historical Epic', 'One-Person Army Action', 'Period Drama', 'Tragedy', 'Action', 'Drama', 'History']"
American Beauty,"['Psychological Drama', 'Tragedy', 'Drama']"
In Secret,"['Crime', 'Drama', 'Thriller']"
Apocalypse Now,"['Adventure Epic', 'Epic', 'Hard-boiled Detective', 'Psychological Drama', 'Quest', 'Suspense Mystery', 'War Epic', 'Drama', 'Mystery', 'War']"
Kingdom of Heaven,"['Action Epic', 'Epic', 'Historical Epic', 'Period Drama', 'War Epic', 'Action', 'Adventure', 'Drama', 'History', 'War']"
All That Jazz,"['Dark Comedy', 'Showbiz Drama', 'Tragedy', 'Drama', 'Music', 'Musical']"
Oldboy,"['Dark Comedy', 'One-Person Army Action', 'Psychological Drama', 'Psychological Thriller', 'Action', 'Drama', 'Mystery', 'Thriller']"
The Count of Monte-Cristo,"['Period Drama', 'Swashbuckler', 'Action', 'Adventure', 'Drama', 'Romance', 'Thriller']"
Incendies,"['Suspense Mystery', 'Drama', 'Mystery', 'War']"
Predator: Killer of Killers,"['Action', 'Adventure', 'Animation', 'Sci-Fi', 'Thriller']"
Romeo + Juliet,"['Romantic Epic', 'Teen Romance', 'Tragedy', 'Tragic Romance', 'Drama', 'Romance']"
Nope,"['Alien Invasion', 'Monster Horror', 'Supernatural Horror', 'Horror', 'Mystery', 'Sci-Fi', 'Thriller']"
Star Wars: Episode V - The Empire Strikes Back,"['Action Epic', 'Adventure Epic', 'Dark Fantasy', 'Dystopian Sci-Fi', 'Epic', 'Fantasy Epic', 'Globetrotting Adventure', 'Quest', 'Sci-Fi Epic', 'Space Sci-Fi']"
Mean Girls,"['Satire', 'Teen Comedy', 'Comedy']"
Hereditary,"['Psychological Horror', 'Psychological Thriller', 'Supernatural Horror', 'Tragedy', 'Witch Horror', 'Drama', 'Horror', 'Mystery', 'Thriller']"
Dune: Part One,"['Desert Adventure', 'Sci-Fi Epic', 'Space Sci-Fi', 'Action', 'Adventure', 'Drama', 'Sci-Fi']"
Snatch,"['Caper', 'Dark Comedy', 'Gangster', 'Comedy', 'Crime']"
Azrael,"['Monster Horror', 'Action', 'Horror']"
My Fault: London,"['Steamy Romance', 'Teen Drama', 'Teen Romance', 'Drama', 'Romance']"
Rosario,['Horror']
Deep Water,"['Erotic Thriller', 'Psychological Drama', 'Psychological Thriller', 'Crime', 'Drama', 'Mystery', 'Romance', 'Thriller']"
Crazxy,"['Conspiracy Thriller', 'Thriller']"
Twister,"['Disaster', 'Survival', 'Action', 'Adventure', 'Thriller']"
Eternal Sunshine of the Spotless Mind,"['Dark Romance', 'Psychological Drama', 'Drama', 'Romance', 'Sci-Fi']"
The Handmaiden,"['Dark Romance', 'Erotic Thriller', 'Psychological Thriller', 'Steamy Romance', 'Drama', 'Romance', 'Thriller']"
Small Things Like These,"['Period Drama', 'Drama', 'History']"
Paddington in Peru,"['Animal Adventure', 'Jungle Adventure', 'Adventure', 'Animation', 'Comedy', 'Family', 'Mystery']"
The Beekeeper,"['Conspiracy Thriller', 'One-Person Army Action', 'Political Thriller', 'Action', 'Crime', 'Thriller']"
Bullet Train,"['One-Person Army Action', 'Action', 'Comedy', 'Thriller']"
"Salò, or the 120 Days of Sodom","['Period Drama', 'Teen Drama', 'Tragedy', 'Drama']"
12 Angry Men,"['Legal Drama', 'Psychological Drama', 'Crime', 'Drama']"
Materialists,"['Feel-Good Romance', 'Romantic Comedy', 'Comedy', 'Romance']"
John Wick,"['Gun Fu', 'One-Person Army Action', 'Action', 'Crime', 'Thriller']"
Pitch Perfect,"['Teen Comedy', 'Teen Romance', 'Comedy', 'Music', 'Romance']"
Guardians of the Galaxy Vol. 3,"['Space Sci-Fi', 'Superhero', 'Action', 'Adventure', 'Comedy', 'Sci-Fi']"
Talk to Me,"['Supernatural Horror', 'Teen Horror', 'Horror', 'Thriller']"
The Biggest Fan,['Comedy']
Saving Private Ryan,"['Epic', 'Period Drama', 'War Epic', 'Drama', 'War']"
"Crazy, Stupid, Love.","['Feel-Good Romance', 'Romantic Comedy', 'Comedy', 'Drama', 'Romance']"
Murder at Yellowstone City,"['Crime', 'Drama', 'Mystery', 'Thriller', 'Western']"
Knives Out,"['Cozy Mystery', 'Satire', 'Whodunnit', 'Comedy', 'Crime', 'Drama', 'Mystery', 'Thriller']"
Road House,"['Action Epic', 'Action', 'Drama', 'Thriller']"
Everything Everywhere All at Once,"['Adventure Epic', 'Dark Comedy', 'Martial Arts', 'Sci-Fi Epic', 'Action', 'Adventure', 'Comedy', 'Drama', 'Fantasy', 'Sci-Fi']"
Eden,"['Psychological Thriller', 'Thriller']"
MaXXXine,"['Serial Killer', 'Slasher Horror', 'Crime', 'Horror']"
V for Vengeance,"['Action', 'Adventure', 'Horror', 'Thriller']"
The Town,"['Heist', 'Crime', 'Drama', 'Thriller']"
Guardians of the Galaxy,"['Quest', 'Space Sci-Fi', 'Superhero', 'Action', 'Adventure', 'Comedy', 'Sci-Fi']"
Eyes Wide Shut,"['Erotic Thriller', 'Psychological Drama', 'Psychological Thriller', 'Drama', 'Mystery', 'Thriller']"
Fall,"['Survival', 'Action', 'Thriller']"
The Breakfast Club,"['Coming-of-Age', 'Teen Comedy', 'Teen Drama', 'Comedy', 'Drama']"
Tropic Thunder,"['High-Concept Comedy', 'Jungle Adventure', 'Parody', 'Satire', 'Action', 'Comedy', 'War']"
The Green Mile,"['Period Drama', 'Prison Drama', 'Supernatural Fantasy', 'Tragedy', 'Crime', 'Drama', 'Fantasy', 'Mystery']"
Get Out,"['Dark Comedy', 'Psychological Horror', 'Psychological Thriller', 'Suspense Mystery', 'Horror', 'Mystery', 'Thriller']"
Dog Man,"['Animal Adventure', 'Computer Animation', 'Superhero', 'Action', 'Adventure', 'Animation', 'Comedy', 'Crime', 'Family', 'Fantasy']"
Green Book,"['Docudrama', 'Period Drama', 'Road Trip', 'Biography', 'Comedy', 'Drama', 'Music']"
It,"['Monster Horror', 'Supernatural Horror', 'Horror']"
The Lord of the Rings: The Return of the King,"['Action Epic', 'Adventure Epic', 'Epic', 'Fantasy Epic', 'Mountain Adventure', 'Quest', 'Sword & Sorcery', 'Tragedy', 'Adventure', 'Drama']"
10 Things I Hate About You,"['Coming-of-Age', 'Feel-Good Romance', 'Romantic Comedy', 'Teen Comedy', 'Teen Drama', 'Teen Romance', 'Comedy', 'Drama', 'Romance']"
Bone Tomahawk,"['Period Drama', 'Drama', 'Horror', 'Western']"
Carry-On,"['Conspiracy Thriller', 'One-Person Army Action', 'Action', 'Crime', 'Holiday', 'Thriller']"
Kingsman: The Secret Service,"['Gun Fu', 'Spy', 'Action', 'Adventure', 'Comedy', 'Thriller']"
The Fall Guy,"['Action', 'Comedy', 'Drama', 'Romance']"
Presence,"['Psychological Drama', 'Psychological Horror', 'Psychological Thriller', 'Drama', 'Horror', 'Thriller']"
Avatar: Fire and Ash,"['Sci-Fi Epic', 'Action', 'Adventure', 'Fantasy', 'Sci-Fi', 'Thriller']"
Suicide Squad,"['Dark Comedy', 'Superhero', 'Action', 'Adventure', 'Fantasy', 'Sci-Fi']"
John Wick: Chapter 4,"['Action Epic', 'Gun Fu', 'One-Person Army Action', 'Action', 'Crime', 'Thriller']"
Where the Crawdads Sing,"['Coming-of-Age', 'Legal Thriller', 'Suspense Mystery', 'Whodunnit', 'Drama', 'Mystery', 'Romance', 'Thriller']"
How to Train Your Dragon,"['Computer Animation', 'Sword & Sorcery', 'Teen Fantasy', 'Action', 'Adventure', 'Animation', 'Family', 'Fantasy']"
Ed Kemper,"['Biography', 'Crime', 'Drama', 'History', 'Thriller']"
Terminator 2: Judgment Day,"['Action Epic', 'Artificial Intelligence', 'Cyberpunk', 'Dystopian Sci-Fi', 'Sci-Fi Epic', 'Time Travel', 'Action', 'Adventure', 'Sci-Fi']"
Annihilation,"['Alien Invasion', 'Body Horror', 'Psychological Horror', 'Adventure', 'Drama', 'Horror', 'Mystery', 'Sci-Fi', 'Thriller']"
Deep Impact,"['Disaster', 'Space Sci-Fi', 'Action', 'Drama', 'Sci-Fi', 'Thriller']"
Saturday Night,"['Docudrama', 'Period Drama', 'Showbiz Drama', 'Biography', 'Comedy', 'Drama', 'History']"
The Usual Suspects,"['Caper', 'Gangster', 'Heist', 'Psychological Drama', 'Psychological Thriller', 'Suspense Mystery', 'Whodunnit', 'Crime', 'Drama', 'Mystery']"
Catch Me If You Can,"['Caper', 'Coming-of-Age', 'Docudrama', 'Globetrotting Adventure', 'Period Drama', 'True Crime', 'Biography', 'Crime', 'Drama']"
Sin City,"['Serial Killer', 'Tragedy', 'Crime', 'Thriller']"
Sicario,"['Contemporary Western', 'Cop Drama', 'Drug Crime', 'Action', 'Crime', 'Drama', 'Mystery', 'Thriller']"
Killers of the Flower Moon,"['Epic', 'Period Drama', 'Tragedy', 'True Crime', 'Western Epic', 'Crime', 'Drama', 'History', 'Mystery', 'Romance']"
Bring Her Back,"['Supernatural Horror', 'Horror', 'Mystery']"
"The Good, the Bad and the Ugly","['Adventure Epic', 'Dark Comedy', 'Desert Adventure', 'Epic', 'Period Drama', 'Quest', 'Spaghetti Western', 'Western Epic', 'Adventure', 'Western']"
Iron Man,"['Sci-Fi Epic', 'Superhero', 'Action', 'Adventure', 'Sci-Fi']"
Thor: Love and Thunder,"['Superhero', 'Action', 'Adventure', 'Comedy', 'Romance', 'Sci-Fi']"
Mad Max: Fury Road,"['Action Epic', 'Adventure Epic', 'Car Action', 'Desert Adventure', 'Dystopian Sci-Fi', 'Epic', 'Quest', 'Road Trip', 'Action', 'Adventure']"
Queer,"['Period Drama', 'Biography', 'Drama', 'History', 'Romance']"
Taxi Driver,"['Psychological Drama', 'Crime', 'Drama']"
Dungeons & Dragons: Honor Among Thieves,"['Quest', 'Sword & Sorcery', 'Action', 'Adventure', 'Comedy', 'Fantasy']"
Hit Man,"['Docudrama', 'Romantic Comedy', 'Comedy', 'Crime', 'Romance']"
Don't Worry Darling,"['Psychological Thriller', 'Drama', 'Mystery', 'Thriller']"
Star Wars: Episode VI - Return of the Jedi,"['Action Epic', 'Adventure Epic', 'Dark Fantasy', 'Dystopian Sci-Fi', 'Epic', 'Fantasy Epic', 'Globetrotting Adventure', 'Quest', 'Sci-Fi Epic', 'Space Sci-Fi']"
Irreversible,"['Psychological Drama', 'Psychological Thriller', 'Tragedy', 'Crime', 'Drama', 'Mystery', 'Thriller']"
Star Wars: Episode VII - The Force Awakens,"['Action Epic', 'Adventure Epic', 'Globetrotting Adventure', 'Quest', 'Sci-Fi Epic', 'Space Sci-Fi', 'Action', 'Adventure', 'Sci-Fi']"
Scorned,"['Erotic Thriller', 'Drama', 'Thriller']"
Terrifier 3,"['Dark Comedy', 'Slasher Horror', 'Splatter Horror', 'Supernatural Horror', 'Teen Horror', 'Holiday', 'Horror']"
Black Panther,"['Superhero', 'Action', 'Adventure', 'Sci-Fi']"
Fast Times at Ridgemont High,"['Teen Comedy', 'Comedy', 'Drama']"
Shutter Island,"['Psychological Thriller', 'Suspense Mystery', 'Drama', 'Mystery', 'Thriller']"
Past Lives,"['Korean Drama', 'Drama', 'Romance']"
The Iron Claw,"['Docudrama', 'Tragedy', 'Biography', 'Drama', 'Sport']"
Abigail,"['Dark Comedy', 'Monster Horror', 'Splatter Horror', 'Vampire Horror', 'Horror', 'Thriller']"
Clueless,"['Coming-of-Age', 'Feel-Good Romance', 'Romantic Comedy', 'Satire', 'Teen Comedy', 'Teen Romance', 'Comedy', 'Romance']"
The Outsiders,"['Coming-of-Age', 'Teen Drama', 'Crime', 'Drama']"
The Man from Earth,"['Supernatural Fantasy', 'Suspense Mystery', 'Drama', 'Fantasy', 'Mystery', 'Sci-Fi']"
It Feeds,['Horror']
Jaws,"['Monster Horror', 'Sea Adventure', 'Survival', 'Adventure', 'Drama', 'Horror', 'Thriller']"
City of God,"['Caper', 'Coming-of-Age', 'Gangster', 'Crime', 'Drama']"
Spirited Away,"['Anime', 'Coming-of-Age', 'Fairy Tale', 'Hand-Drawn Animation', 'Quest', 'Supernatural Fantasy', 'Adventure', 'Animation', 'Family', 'Fantasy']"
Day of Reckoning,"['Contemporary Western', 'Martial Arts', 'Action', 'Western']"
Watchmen,"['Dystopian Sci-Fi', 'Superhero', 'Action', 'Drama', 'Mystery', 'Sci-Fi']"
Blade Runner,"['Artificial Intelligence', 'Cyber Thriller', 'Cyberpunk', 'Dystopian Sci-Fi', 'Action', 'Drama', 'Sci-Fi', 'Thriller']"
Spider-Man,"['Superhero', 'Urban Adventure', 'Action', 'Adventure', 'Sci-Fi']"
Better Man,"['Docudrama', 'Psychological Drama', 'Biography', 'Fantasy', 'Music', 'Musical']"
Teenage Mutant Ninja Turtles: The Rise of Leo,['Adventure']
The Godfather Part II,"['Epic', 'Gangster', 'Tragedy', 'Crime', 'Drama']"
The Terminator,"['Artificial Intelligence', 'Cyberpunk', 'Dystopian Sci-Fi', 'Time Travel', 'Urban Adventure', 'Action', 'Adventure', 'Sci-Fi']"
Subservience,"['Artificial Intelligence', 'Sci-Fi', 'Thriller']"
Indiana Jones and the Last Crusade,"['Adventure Epic', 'Desert Adventure', 'Globetrotting Adventure', 'Quest', 'Action', 'Adventure']"
There Will Be Blood,"['Epic', 'Period Drama', 'Psychological Drama', 'Tragedy', 'Drama']"
Shadow Force,"['Action', 'Drama', 'Thriller']"
The Help,"['Period Drama', 'Drama']"
Mission: Impossible - Fallout,"['Action Epic', 'Globetrotting Adventure', 'Spy', 'Action', 'Adventure', 'Thriller']"
Her,"['Artificial Intelligence', 'Drama', 'Romance', 'Sci-Fi']"
Memento,"['Psychological Thriller', 'Suspense Mystery', 'Mystery', 'Thriller']"
Ford v Ferrari,"['Docudrama', 'Motorsport', 'Period Drama', 'Action', 'Biography', 'Drama', 'Sport']"
One Battle After Another,"['Dark Comedy', 'Action', 'Crime', 'Drama', 'Thriller']"
Marching Powder,"['Dark Comedy', 'Action', 'Comedy', 'Crime', 'Drama', 'Thriller']"
Harry Potter and the Goblet of Fire,"['Sword & Sorcery', 'Teen Adventure', 'Teen Fantasy', 'Adventure', 'Family', 'Fantasy', 'Mystery']"
Back in Action,"['Spy', 'Action', 'Comedy']"
The Hunger Games: Catching Fire,"['Dystopian Sci-Fi', 'Action', 'Adventure', 'Sci-Fi', 'Thriller']"
Star Wars: Episode IX - The Rise of Skywalker,"['Action Epic', 'Adventure Epic', 'Dark Fantasy', 'Fantasy Epic', 'Sci-Fi Epic', 'Space Sci-Fi', 'Action', 'Adventure', 'Fantasy', 'Sci-Fi']"
Aliens,"['Alien Invasion', 'Cyberpunk', 'Monster Horror', 'Space Sci-Fi', 'Survival', 'Tragedy', 'Action', 'Adventure', 'Horror', 'Sci-Fi']"
Jurassic World Dominion,"['Dinosaur Adventure', 'Globetrotting Adventure', 'Action', 'Adventure', 'Sci-Fi', 'Thriller']"
Havoc,"['Coming-of-Age', 'Crime', 'Drama']"
One of Them Days,"['Buddy Comedy', 'Comedy']"
Y2K,"['Artificial Intelligence', 'Teen Comedy', 'Teen Horror', 'Comedy', 'Horror', 'Sci-Fi']"
Hell or High Water,"['Contemporary Western', 'Heist', 'Police Procedural', 'Tragedy', 'Crime', 'Drama', 'Thriller', 'Western']"
The Northman,"['Action Epic', 'Adventure Epic', 'Historical Epic', 'One-Person Army Action', 'Period Drama', 'Tragedy', 'Action', 'Adventure', 'Drama', 'Fantasy']"
One Flew Over the Cuckoo's Nest,"['Medical Drama', 'Psychological Drama', 'Drama']"
Legend,"['Docudrama', 'Gangster', 'True Crime', 'Biography', 'Crime', 'Drama', 'Thriller']"
Casablanca,"['Psychological Drama', 'Drama', 'Romance', 'War']"
Elevation,"['Alien Invasion', 'Kaiju', 'Survival', 'Action', 'Sci-Fi', 'Thriller']"
Predator,"['Alien Invasion', 'Jungle Adventure', 'Monster Horror', 'One-Person Army Action', 'Slasher Horror', 'Survival', 'Action', 'Adventure', 'Horror', 'Sci-Fi']"
Just Go with It,"['Romantic Comedy', 'Comedy', 'Romance']"
The Thing,"['Alien Invasion', 'Body Horror', 'Monster Horror', 'Supernatural Horror', 'Tragedy', 'Horror', 'Mystery', 'Sci-Fi']"
The Menu,"['Dark Comedy', 'Psychological Horror', 'Satire', 'Comedy', 'Horror', 'Thriller']"
The Shining,"['Psychological Drama', 'Psychological Horror', 'Supernatural Horror', 'Drama', 'Horror']"
Independence Day,"['Action Epic', 'Alien Invasion', 'Disaster', 'Sci-Fi Epic', 'Space Sci-Fi', 'Action', 'Adventure', 'Sci-Fi']"
Superbad,"['Buddy Comedy', 'Dark Comedy', 'Raunchy Comedy', 'Teen Comedy', 'Comedy']"
The Super Mario Bros. Movie,"['Action Epic', 'Adventure Epic', 'Computer Animation', 'Fantasy Epic', 'High-Concept Comedy', 'Quest', 'Slapstick', 'Adventure', 'Animation', 'Comedy']"
Arrival,"['Alien Invasion', 'Psychological Drama', 'Sci-Fi Epic', 'Drama', 'Mystery', 'Sci-Fi']"
I Know What You Did Last Summer,"['Slasher Horror', 'Teen Horror', 'Whodunnit', 'Horror', 'Mystery']"
Final Destination 2,"['Splatter Horror', 'Supernatural Horror', 'Horror', 'Thriller']"
Borderlands,"['Action Epic', 'Adventure Epic', 'Quest', 'Space Sci-Fi', 'Action', 'Adventure', 'Comedy', 'Sci-Fi', 'Thriller']"
Oddity,"['Supernatural Horror', 'Horror', 'Thriller']"
Wolfs,"['Conspiracy Thriller', 'Gangster', 'Crime', 'Thriller']"
There's Something About Mary,"['Romantic Comedy', 'Slapstick', 'Comedy', 'Romance']"
The Beach,"['Adventure', 'Drama', 'Romance', 'Thriller']"
The Equalizer,"['One-Person Army Action', 'Action', 'Crime', 'Thriller']"
Full Metal Jacket,"['Dark Comedy', 'Period Drama', 'Drama', 'War']"
Mission: Impossible - Ghost Protocol,"['Globetrotting Adventure', 'Action', 'Adventure', 'Thriller']"
Mob Land,"['Action', 'Crime', 'Thriller']"
Eddington,"['Contemporary Western', 'Dark Comedy', 'Comedy', 'Drama', 'Western']"
American History X,"['Prison Drama', 'Psychological Drama', 'Tragedy', 'Crime', 'Drama']"
Bonjour Tristesse,"['Drama', 'Romance']"
Beetlejuice Beetlejuice,"['Dark Comedy', 'Dark Fantasy', 'Slapstick', 'Supernatural Fantasy', 'Supernatural Horror', 'Comedy', 'Fantasy', 'Horror']"
The Big Lebowski,"['Buddy Comedy', 'Drug Crime', 'Satire', 'Stoner Comedy', 'Comedy', 'Crime']"
The Big Short,"['Dark Comedy', 'Docudrama', 'Satire', 'Workplace Drama', 'Biography', 'Comedy', 'Drama', 'History', 'Financial Drama']"
Cars,"['Computer Animation', 'Motorsport', 'Adventure', 'Animation', 'Comedy', 'Family', 'Sport']"
The Bikeriders,"['Gangster', 'Period Drama', 'Crime', 'Drama']"
Blue Is the Warmest Colour,"['Coming-of-Age', 'Steamy Romance', 'Drama', 'Romance']"
Eternals,"['Superhero', 'Action', 'Adventure', 'Fantasy', 'Sci-Fi']"
Nymphomaniac: Vol. I,"['Psychological Drama', 'Drama']"
Baby Driver,"['Caper', 'Car Action', 'Heist', 'Action', 'Crime', 'Drama', 'Music']"
The Sixth Sense,"['Psychological Drama', 'Psychological Thriller', 'Suspense Mystery', 'Drama', 'Mystery', 'Thriller']"
Atonement,"['Epic', 'Period Drama', 'Romantic Epic', 'Steamy Romance', 'Tragic Romance', 'War Epic', 'Drama', 'Mystery', 'Romance', 'War']"
The Avengers,"['Action Epic', 'Alien Invasion', 'Superhero', 'Action', 'Sci-Fi']"
Asteroid City,"['Quirky Comedy', 'Showbiz Drama', 'Comedy', 'Drama', 'Romance', 'Sci-Fi']"
Ocean's Eleven,"['Caper', 'Heist', 'Crime', 'Thriller']"
Mulholland Drive,"['Psychological Drama', 'Psychological Thriller', 'Showbiz Drama', 'Suspense Mystery', 'Tragedy', 'Drama', 'Mystery', 'Thriller']"
Troy,"['Epic', 'Sword & Sandal', 'Tragedy', 'Action', 'Adventure', 'Drama']"
American Sniper,"['Docudrama', 'Action', 'Biography', 'Drama', 'War']"
Braveheart,"['Action Epic', 'Costume Drama', 'Epic', 'Period Drama', 'War Epic', 'Biography', 'Drama', 'War']"
Vanilla Sky,"['Psychological Thriller', 'Fantasy', 'Mystery', 'Romance', 'Sci-Fi', 'Thriller']"
The Grand Budapest Hotel,"['Quirky Comedy', 'Comedy', 'Drama']"
Captain America: The First Avenger,"['Sci-Fi Epic', 'Superhero', 'Action', 'Adventure', 'Sci-Fi']"
Challengers,"['Psychological Drama', 'Steamy Romance', 'Comedy', 'Drama', 'Romance', 'Sport']"
Mission: Impossible II,"['Action', 'Adventure', 'Thriller']"
The Lion King,"['Animal Adventure', 'Coming-of-Age', 'Hand-Drawn Animation', 'Jungle Adventure', 'Adventure', 'Animation', 'Drama', 'Family', 'Fantasy', 'Musical']"
Crimes of the Future,"['Body Horror', 'Dystopian Sci-Fi', 'Drama', 'Horror', 'Sci-Fi']"
The Suicide Squad,"['Dark Comedy', 'Gun Fu', 'Superhero', 'Action', 'Adventure', 'Comedy', 'Sci-Fi']"
Babylon,"['Costume Drama', 'Period Drama', 'Showbiz Drama', 'Comedy', 'Drama']"
Paprika,['Drama']
Kill Bill: Vol. 1,"['Kung Fu', 'Martial Arts', 'One-Person Army Action', 'Action', 'Crime', 'Thriller']"
The Hangover,"['Raunchy Comedy', 'Comedy']"
La La Land,"['Pop Musical', 'Showbiz Drama', 'Comedy', 'Drama', 'Music', 'Musical', 'Romance']"
Kindergarten Cop,"['Cop Drama', 'High-Concept Comedy', 'Action', 'Comedy', 'Crime']"
28 Weeks Later,"['Zombie Horror', 'Horror', 'Sci-Fi']"
Operation Fortune: Ruse de Guerre,"['Spy', 'Action', 'Comedy', 'Thriller']"
Dead Poets Society,"['Coming-of-Age', 'Teen Drama', 'Comedy', 'Drama']"
Napoleon Dynamite,"['Buddy Comedy', 'Quirky Comedy', 'Teen Comedy', 'Comedy']"
The Devil's Advocate,"['Legal Thriller', 'Drama', 'Fantasy', 'Mystery', 'Thriller']"
Happy Gilmore,"['High-Concept Comedy', 'Slapstick', 'Comedy', 'Sport']"
Lee,"['Docudrama', 'Epic', 'Historical Epic', 'Period Drama', 'War Epic', 'Biography', 'Drama', 'History', 'War']"
Pearl,"['Coming-of-Age', 'Period Drama', 'Psychological Drama', 'Psychological Horror', 'Psychological Thriller', 'Showbiz Drama', 'Slasher Horror', 'Drama', 'Horror', 'Thriller']"
Airplane!,"['Dark Comedy', 'Farce', 'Parody', 'Satire', 'Slapstick', 'Comedy']"
Homestead,"['Disaster', 'Action', 'Drama', 'Thriller']"
Ready Player One,"['Cyberpunk', 'Dystopian Sci-Fi', 'Quest', 'Teen Adventure', 'Action', 'Adventure', 'Sci-Fi']"
Ready or Not,"['Dark Comedy', 'Splatter Horror', 'Action', 'Comedy', 'Horror', 'Mystery', 'Thriller']"
Malena,"['Coming-of-Age', 'Drama', 'Romance', 'War']"
The Heartbreak Kid,"['Romantic Comedy', 'Comedy', 'Romance']"
Stand by Me,"['Coming-of-Age', 'Dark Comedy', 'Quest', 'Adventure', 'Comedy', 'Drama']"
Reservoir Dogs,"['Gangster', 'Heist', 'Crime', 'Thriller']"
Star Trek: Section 31,"['Space Sci-Fi', 'Action', 'Adventure', 'Drama', 'Sci-Fi']"
Jumanji,"['High-Concept Comedy', 'Jungle Adventure', 'Supernatural Fantasy', 'Adventure', 'Comedy', 'Family', 'Fantasy']"
Saltburn,"['Dark Comedy', 'Psychological Drama', 'Psychological Thriller', 'Drama', 'Thriller']"
Mission: Impossible III,"['Action', 'Adventure', 'Thriller']"
Alita: Battle Angel,"['Cyberpunk', 'Dystopian Sci-Fi', 'Quest', 'Action', 'Adventure', 'Sci-Fi', 'Thriller']"
Culpa Mía,"['Steamy Romance', 'Teen Romance', 'Drama', 'Romance']"
The Room Next Door,"['Psychological Drama', 'Drama']"
Manchester by the Sea,"['Psychological Drama', 'Tragedy', 'Drama']"
Court - State Vs. A Nobody,"['Legal Drama', 'Drama']"
The Equalizer 3,"['One-Person Army Action', 'Action', 'Crime', 'Thriller']"
War of the Worlds,"['Action Epic', 'Adventure Epic', 'Alien Invasion', 'Disaster', 'Sci-Fi Epic', 'Urban Adventure', 'Action', 'Adventure', 'Sci-Fi']"
The Raid: Redemption,"['Gun Fu', 'Martial Arts', 'Action', 'Crime', 'Thriller']"
Almost Famous,"['Coming-of-Age', 'Period Drama', 'Road Trip', 'Showbiz Drama', 'Adventure', 'Comedy', 'Drama', 'Music']"
The Fifth Element,"['Sci-Fi Epic', 'Space Sci-Fi', 'Action', 'Adventure', 'Sci-Fi']"
Transformers,"['Action Epic', 'Alien Invasion', 'Sci-Fi Epic', 'Action', 'Adventure', 'Sci-Fi']"
Black Panther: Wakanda Forever,"['Superhero', 'Action', 'Adventure', 'Drama', 'Sci-Fi']"
Woman of the Hour,"['Period Drama', 'Serial Killer', 'True Crime', 'Crime', 'Drama', 'Mystery']"
Tron: Legacy,"['Artificial Intelligence', 'Cyberpunk', 'Action', 'Adventure', 'Sci-Fi']"
Madame Web,"['Psychological Thriller', 'Superhero', 'Action', 'Adventure', 'Sci-Fi', 'Thriller']"
Totally Killer,"['Slasher Horror', 'Teen Horror', 'Time Travel', 'Comedy', 'Horror', 'Sci-Fi']"
Smile,"['Psychological Horror', 'Supernatural Horror', 'Tragedy', 'Horror', 'Mystery', 'Thriller']"
Harry Potter and the Deathly Hallows: Part 2,"['Dark Fantasy', 'Fantasy Epic', 'Teen Adventure', 'Teen Fantasy', 'Adventure', 'Family', 'Fantasy', 'Mystery']"
Interview with the Vampire,"['Dark Fantasy', 'Psychological Horror', 'Supernatural Fantasy', 'Supernatural Horror', 'Tragedy', 'Vampire Horror', 'Drama', 'Fantasy', 'Horror']"
Final Destination 3,"['Splatter Horror', 'Supernatural Horror', 'Teen Horror', 'Horror', 'Thriller']"
Black Swan,"['Psychological Drama', 'Psychological Thriller', 'Showbiz Drama', 'Drama', 'Thriller']"
Constantine,"['Monster Horror', 'Superhero', 'Supernatural Fantasy', 'Supernatural Horror', 'Action', 'Fantasy', 'Horror', 'Mystery']"
Little Women,"['Coming-of-Age', 'Costume Drama', 'Holiday Romance', 'Period Drama', 'Teen Drama', 'Teen Romance', 'Drama', 'Romance']"
Idiocracy,"['Dark Comedy', 'Dystopian Sci-Fi', 'High-Concept Comedy', 'Satire', 'Adventure', 'Comedy', 'Sci-Fi', 'Thriller']"
Red Eye,"['Psychological Thriller', 'Thriller']"
Megan Is Missing,"['Found Footage Horror', 'Drama', 'Horror', 'Thriller']"
Nobody,"['Dark Comedy', 'One-Person Army Action', 'Action', 'Crime', 'Drama', 'Thriller']"
Joker,"['Psychological Drama', 'Psychological Thriller', 'Tragedy', 'Crime', 'Drama', 'Thriller']"
The Karate Kid,"['Coming-of-Age', 'Martial Arts', 'Teen Drama', 'Action', 'Drama', 'Family', 'Sport']"
Indiana Jones and the Temple of Doom,"['Adventure Epic', 'Globetrotting Adventure', 'Jungle Adventure', 'Action', 'Adventure']"
The Girl Next Door,"['Raunchy Comedy', 'Romantic Comedy', 'Teen Comedy', 'Teen Drama', 'Teen Romance', 'Comedy', 'Drama', 'Romance']"
1917,"['Epic', 'Period Drama', 'War Epic', 'Action', 'Drama', 'War']"
Grown Ups,"['Slapstick', 'Comedy']"
The Voyeurs,"['Erotic Thriller', 'Suspense Mystery', 'Drama', 'Mystery', 'Romance', 'Thriller']"
Death Becomes Her,"['Body Horror', 'Dark Comedy', 'Satire', 'Comedy', 'Fantasy', 'Horror']"
Avatar,"['Action Epic', 'Adventure Epic', 'Fantasy Epic', 'Sci-Fi Epic', 'Action', 'Adventure', 'Fantasy', 'Sci-Fi']"
Legally Blonde,"['Feel-Good Romance', 'High-Concept Comedy', 'Romantic Comedy', 'Satire', 'Comedy', 'Romance']"
EuroTrip,"['Raunchy Comedy', 'Teen Comedy', 'Comedy']"
Fargo,"['Cop Drama', 'Dark Comedy', 'Police Procedural', 'Tragedy', 'Crime', 'Drama', 'Thriller']"
Stargate,"['Desert Adventure', 'Space Sci-Fi', 'Action', 'Adventure', 'Sci-Fi']"
The Mummy,"['Desert Adventure', 'Globetrotting Adventure', 'Quest', 'Supernatural Fantasy', 'Action', 'Adventure', 'Fantasy']"
Dora and the Lost City of Gold,"['Jungle Adventure', 'Teen Adventure', 'Action', 'Adventure', 'Comedy', 'Family', 'Fantasy', 'Mystery']"
Clue,"['Cozy Mystery', 'Farce', 'Parody', 'Slapstick', 'Whodunnit', 'Comedy', 'Crime', 'Mystery', 'Thriller']"
Once Upon a Time in America,"['Dark Comedy', 'Epic', 'Gangster', 'Period Drama', 'Crime', 'Drama']"
The Gift,"['Psychological Thriller', 'Drama', 'Mystery', 'Thriller']"
Rush,"['Docudrama', 'Motorsport', 'Period Drama', 'Biography', 'Drama', 'Sport']"
Avatar: The Way of Water,"['Action Epic', 'Adventure Epic', 'Sci-Fi Epic', 'Sea Adventure', 'Action', 'Adventure', 'Fantasy', 'Sci-Fi']"
The Final Destination,"['Splatter Horror', 'Horror', 'Thriller']"
Rebel Ridge,"['One-Person Army Action', 'Action', 'Crime', 'Drama', 'Thriller']"
Bridget Jones: Mad About the Boy,"['Romantic Comedy', 'Comedy', 'Drama', 'Romance']"
The Comeback Trail,"['Caper', 'Dark Comedy', 'Comedy', 'Crime']"
The Hateful Eight,"['Period Drama', 'Suspense Mystery', 'Whodunnit', 'Crime', 'Drama', 'Mystery', 'Thriller', 'Western']"
2001: A Space Odyssey,"['Adventure Epic', 'Artificial Intelligence', 'Epic', 'Psychological Drama', 'Sci-Fi Epic', 'Space Sci-Fi', 'Adventure', 'Sci-Fi']"
The Covenant,"['Action Epic', 'Action', 'Drama', 'Thriller', 'War']"
True Grit,"['Period Drama', 'Drama', 'Western']"
Memories of Murder,"['Dark Comedy', 'Korean Drama', 'Police Procedural', 'Serial Killer', 'True Crime', 'Crime', 'Drama', 'Mystery', 'Thriller']"
Tenet,"['Time Travel', 'Action', 'Sci-Fi', 'Thriller']"
Indiana Jones and the Dial of Destiny,"['Adventure Epic', 'Globetrotting Adventure', 'Time Travel', 'Action', 'Adventure', 'Sci-Fi']"
Divergent,"['Dystopian Sci-Fi', 'Teen Adventure', 'Action', 'Adventure', 'Drama', 'Mystery', 'Sci-Fi']"
Hallow Road,"['Psychological Drama', 'Psychological Thriller', 'Drama', 'Thriller']"
The Smashing Machine,"['Documentary', 'Sport']"
Fruitvale Station,"['True Crime', 'Biography', 'Crime', 'Drama', 'Romance']"
A Time to Kill,"['Legal Thriller', 'Crime', 'Drama', 'Thriller']"
Prometheus,"['Sci-Fi Epic', 'Adventure', 'Mystery', 'Sci-Fi']"
Casino,"['Docudrama', 'Epic', 'Gangster', 'True Crime', 'Crime', 'Drama']"
Joker: Folie à Deux,"['Jukebox Musical', 'Prison Drama', 'Psychological Drama', 'Psychological Thriller', 'Drama', 'Musical', 'Thriller']"
Uncle Buck,"['Quirky Comedy', 'Comedy']"
Unforgiven,"['Period Drama', 'Tragedy', 'Drama', 'Western']"
Willow,"['Adventure Epic', 'Dark Fantasy', 'Epic', 'Fantasy Epic', 'Quest', 'Sword & Sorcery', 'Action', 'Adventure', 'Drama', 'Fantasy']"
Me Before You,"['Feel-Good Romance', 'Drama', 'Romance']"
500 Days of Summer,"['Quirky Comedy', 'Romantic Comedy', 'Comedy', 'Drama', 'Romance']"
Scream,"['Dark Comedy', 'Slasher Horror', 'Suspense Mystery', 'Teen Horror', 'Whodunnit', 'Horror', 'Mystery']"
Us,"['Dark Comedy', 'Psychological Horror', 'Teen Horror', 'Horror', 'Mystery', 'Thriller']"
The Secret Life of Walter Mitty,"['Globetrotting Adventure', 'Adventure', 'Comedy', 'Drama', 'Fantasy', 'Romance']"
Mr. Nobody,"['Dark Romance', 'Drama', 'Fantasy', 'Romance', 'Sci-Fi']"
Lilo & Stitch,"['Alien Invasion', 'Buddy Comedy', 'Hand-Drawn Animation', 'Sci-Fi Epic', 'Space Sci-Fi', 'Adventure', 'Animation', 'Comedy', 'Drama', 'Family']"
Fast X,"['Action Epic', 'Car Action', 'Urban Adventure', 'Action', 'Adventure', 'Crime', 'Mystery', 'Thriller']"
Frewaka,"['Folk Horror', 'Horror']"
Life Is Beautiful,"['Period Drama', 'Romantic Comedy', 'Tragedy', 'Tragic Romance', 'Comedy', 'Drama', 'Romance', 'War']"
Good Bad Ugly,"['Action', 'Drama', 'Thriller']"
Knock Knock,"['Psychological Thriller', 'Crime', 'Thriller']"
Deadpool,"['Dark Comedy', 'Gun Fu', 'Raunchy Comedy', 'Superhero', 'Action', 'Comedy', 'Sci-Fi']"
Warrior,"['Boxing', 'Action', 'Drama', 'Sport']"
Final Destination 5,"['Splatter Horror', 'Supernatural Horror', 'Teen Horror', 'Horror', 'Thriller']"
Promising Young Woman,"['Psychological Thriller', 'Suspense Mystery', 'Tragedy', 'Crime', 'Drama', 'Mystery', 'Thriller']"
Come and See,"['Epic', 'Period Drama', 'Tragedy', 'War Epic', 'Drama', 'Thriller', 'War']"
Downfall,"['Docudrama', 'Political Drama', 'Tragedy', 'Biography', 'Drama', 'History', 'War']"
Kingsman: The Golden Circle,"['Drug Crime', 'Satire', 'Action', 'Adventure', 'Comedy', 'Crime', 'Thriller']"
Angels & Demons,"['Conspiracy Thriller', 'Suspense Mystery', 'Mystery', 'Thriller']"
Train to Busan,"['Tragedy', 'Zombie Horror', 'Action', 'Horror', 'Thriller']"
Brokeback Mountain,"['Contemporary Western', 'Steamy Romance', 'Tragedy', 'Tragic Romance', 'Drama', 'Romance']"
2073,"['Documentary', 'Thriller']"
Basic Instinct,"['Erotic Thriller', 'Psychological Thriller', 'Suspense Mystery', 'Whodunnit', 'Drama', 'Mystery', 'Thriller']"
The Great Gatsby,"['Period Drama', 'Tragedy', 'Tragic Romance', 'Drama', 'Romance']"
Zodiac,"['Cop Drama', 'Epic', 'Police Procedural', 'Psychological Thriller', 'Serial Killer', 'True Crime', 'Whodunnit', 'Crime', 'Drama', 'Mystery']"
RoboCop,"['Cyberpunk', 'Dark Comedy', 'One-Person Army Action', 'Superhero', 'Tragedy', 'Action', 'Crime', 'Sci-Fi', 'Thriller']"
Kinds of Kindness,"['Dark Comedy', 'Tragedy', 'Comedy', 'Drama', 'Horror']"
The Raid 2,"['Martial Arts', 'Action', 'Crime', 'Thriller']"
Grown Ups 2,"['Raunchy Comedy', 'Comedy']"
Pan's Labyrinth,"['Coming-of-Age', 'Dark Fantasy', 'Fairy Tale', 'Period Drama', 'Supernatural Fantasy', 'Teen Fantasy', 'Tragedy', 'Drama', 'Fantasy', 'War']"
The Intouchables,"['Docudrama', 'Comedy', 'Drama']"
The Blue Lagoon,"['Coming-of-Age', 'Survival', 'Teen Drama', 'Teen Romance', 'Adventure', 'Drama', 'Romance']"
Minority Report,"['Conspiracy Thriller', 'Cyber Thriller', 'Cyberpunk', 'Dystopian Sci-Fi', 'Psychological Thriller', 'Suspense Mystery', 'Action', 'Crime', 'Mystery', 'Sci-Fi']"
Apocalypto,"['Action Epic', 'Adventure Epic', 'Epic', 'Jungle Adventure', 'Period Drama', 'Action', 'Adventure', 'Drama', 'Thriller']"
A Different Man,"['Dark Comedy', 'Comedy', 'Drama', 'Thriller']"
Mamma Mia!,"['Feel-Good Romance', 'Jukebox Musical', 'Pop Musical', 'Romantic Comedy', 'Comedy', 'Musical', 'Romance']"
Glass Onion,"['Cozy Mystery', 'Satire', 'Whodunnit', 'Comedy', 'Crime', 'Drama', 'Mystery', 'Thriller']"
Wind River,"['Contemporary Western', 'Cop Drama', 'Tragedy', 'Whodunnit', 'Crime', 'Drama', 'Mystery', 'Thriller', 'Western']"
Costao,['Drama']
Black Hawk Down,"['Action Epic', 'Docudrama', 'Epic', 'Historical Epic', 'Tragedy', 'War Epic', 'Action', 'Drama', 'History', 'War']"
Love & Other Drugs,"['Feel-Good Romance', 'Raunchy Comedy', 'Romantic Comedy', 'Steamy Romance', 'Comedy', 'Drama', 'Romance']"
Homefront,"['Conspiracy Thriller', 'One-Person Army Action', 'Action', 'Crime', 'Thriller']"
About Time,"['Feel-Good Romance', 'Romantic Comedy', 'Time Travel', 'Comedy', 'Drama', 'Fantasy', 'Romance', 'Sci-Fi']"
Sisters,"['Buddy Comedy', 'Comedy']"
300,"['Action Epic', 'Epic', 'Sword & Sandal', 'Action', 'Drama']"
Starship Troopers,"['Alien Invasion', 'Dystopian Sci-Fi', 'Space Sci-Fi', 'Action', 'Adventure', 'Sci-Fi', 'Thriller']"
The Equalizer 2,"['One-Person Army Action', 'Whodunnit', 'Action', 'Crime', 'Mystery', 'Thriller']"
Sneaks,"['Computer Animation', 'Adventure', 'Animation', 'Comedy', 'Family']"
The Conjuring,"['Supernatural Horror', 'Suspense Mystery', 'Horror', 'Mystery', 'Thriller']"
Captain America: The Winter Soldier,"['Conspiracy Thriller', 'Political Thriller', 'Superhero', 'Urban Adventure', 'Action', 'Adventure', 'Sci-Fi', 'Thriller']"
Love Hurts,"['Martial Arts', 'Romantic Comedy', 'Action', 'Comedy', 'Romance']"
"The Chronicles of Narnia: The Lion, the Witch and the Wardrobe","['Fantasy Epic', 'Supernatural Fantasy', 'Sword & Sorcery', 'Teen Adventure', 'Adventure', 'Family', 'Fantasy']"
Home Alone,"['High-Concept Comedy', 'Holiday Comedy', 'Holiday Family', 'Slapstick', 'Comedy', 'Family', 'Holiday']"
Jumanji: Welcome to the Jungle,"['Body Swap Comedy', 'High-Concept Comedy', 'Jungle Adventure', 'Quest', 'Supernatural Fantasy', 'Action', 'Adventure', 'Comedy', 'Fantasy']"
A Clockwork Orange,"['Dark Comedy', 'Dystopian Sci-Fi', 'Crime', 'Sci-Fi']"
Dunkirk,"['Action Epic', 'Epic', 'Historical Epic', 'Period Drama', 'War Epic', 'Action', 'Drama', 'History', 'Thriller', 'War']"
Alarum,"['Spy', 'Action', 'Crime', 'Thriller']"
We're the Millers,"['Dark Comedy', 'Road Trip', 'Comedy', 'Crime']"
Drive,"['Car Action', 'One-Person Army Action', 'Action', 'Drama']"
The Unholy Trinity,"['Adventure', 'Crime', 'Western']"
Love Lies Bleeding,"['Dark Romance', 'Drug Crime', 'Erotic Thriller', 'Action', 'Adventure', 'Crime', 'Drama', 'Mystery', 'Romance', 'Thriller']"
The Witch,"['Dark Fantasy', 'Folk Horror', 'Period Drama', 'Supernatural Horror', 'Witch Horror', 'Drama', 'Fantasy', 'Horror', 'Mystery', 'Thriller']"
A Knight's Tale,"['Feel-Good Romance', 'Action', 'Adventure', 'Drama', 'Romance']"
The Place Beyond the Pines,"['Heist', 'Tragedy', 'Crime', 'Drama', 'Thriller']"
Transformers One,"['Action Epic', 'Adventure Epic', 'Computer Animation', 'Fantasy Epic', 'Sci-Fi Epic', 'Space Sci-Fi', 'Action', 'Adventure', 'Animation', 'Family']"
The Fugitive,"['Conspiracy Thriller', 'Action', 'Crime', 'Drama', 'Mystery', 'Thriller']"
21 Jump Street,"['Buddy Cop', 'Police Procedural', 'Action', 'Comedy', 'Crime']"
Spider-Man: Into the Spider-Verse,"['Computer Animation', 'Superhero', 'Supernatural Fantasy', 'Teen Adventure', 'Teen Comedy', 'Urban Adventure', 'Action', 'Adventure', 'Animation', 'Comedy']"
Monty Python and the Holy Grail,"['Farce', 'Parody', 'Quest', 'Satire', 'Sketch Comedy', 'Slapstick', 'Sword & Sorcery', 'Adventure', 'Comedy', 'Fantasy']"
Sixteen Candles,"['Farce', 'Teen Comedy', 'Teen Romance', 'Comedy', 'Romance']"
Platoon,"['Drama', 'War']"
The Lord of the Rings: The Two Towers,"['Action Epic', 'Adventure Epic', 'Dark Fantasy', 'Epic', 'Fantasy Epic', 'Quest', 'Sword & Sorcery', 'Adventure', 'Drama', 'Fantasy']"
Amadeus,"['Costume Drama', 'Epic', 'Period Drama', 'Tragedy', 'Biography', 'Drama', 'Music']"
"Three Billboards Outside Ebbing, Missouri","['Dark Comedy', 'Satire', 'Comedy', 'Crime', 'Drama']"
Mob Cops,"['Crime', 'Drama']"
The Hobbit: An Unexpected Journey,"['Adventure Epic', 'Fantasy Epic', 'Mountain Adventure', 'Quest', 'Sword & Sorcery', 'Adventure', 'Fantasy']"
Point Break,"['Heist', 'Action', 'Crime', 'Thriller']"
Five Nights at Freddy's,"['Supernatural Horror', 'Suspense Mystery', 'Whodunnit', 'Horror', 'Mystery', 'Thriller']"
Hacksaw Ridge,"['Docudrama', 'Epic', 'Period Drama', 'War Epic', 'Biography', 'Drama', 'History', 'War']"
The Rose of Versailles,"['Anime', 'Shōjo', 'Animation', 'Drama', 'History', 'Romance']"
Inside Out 2,"['Coming-of-Age', 'Computer Animation', 'Quest', 'Teen Comedy', 'Teen Drama', 'Adventure', 'Animation', 'Comedy', 'Drama', 'Family']"
The Age of Adaline,"['Feel-Good Romance', 'Supernatural Fantasy', 'Drama', 'Fantasy', 'Romance']"
Ratatouille,"['Animal Adventure', 'Computer Animation', 'Satire', 'Adventure', 'Animation', 'Comedy', 'Family', 'Fantasy']"
Thor: Ragnarok,"['Superhero', 'Action', 'Adventure', 'Comedy', 'Fantasy', 'Sci-Fi']"
Shallow Hal,"['High-Concept Comedy', 'Romantic Comedy', 'Comedy', 'Drama', 'Fantasy', 'Romance']"
Star Wars: Episode VIII - The Last Jedi,"['Action Epic', 'Adventure Epic', 'Fantasy Epic', 'Sci-Fi Epic', 'Space Sci-Fi', 'Action', 'Adventure', 'Fantasy', 'Sci-Fi']"
Landmine Goes Click,"['Splatter Horror', 'Action', 'Crime', 'Drama', 'Horror', 'Thriller']"
Jurassic World,"['Dinosaur Adventure', 'Jungle Adventure', 'Action', 'Adventure', 'Sci-Fi']"
Harry Potter and the Prisoner of Azkaban,"['Sword & Sorcery', 'Teen Adventure', 'Teen Fantasy', 'Adventure', 'Family', 'Fantasy', 'Mystery']"
Call Me by Your Name,"['Coming-of-Age', 'Steamy Romance', 'Drama', 'Romance']"
The Game,"['Conspiracy Thriller', 'Psychological Drama', 'Psychological Thriller', 'Suspense Mystery', 'Tragedy', 'Drama', 'Mystery', 'Thriller']"
Hidden Figures,"['Docudrama', 'Biography', 'Drama', 'History']"
Split,"['Psychological Horror', 'Psychological Thriller', 'Horror', 'Thriller']"
Y tu mamá también,"['Coming-of-Age', 'Road Trip', 'Teen Drama', 'Drama']"
Martyrs,"['Splatter Horror', 'Tragedy', 'Horror']"
Here,"['Coming-of-Age', 'Drama']"
If Only,"['Romantic Comedy', 'Tragic Romance', 'Comedy', 'Drama', 'Fantasy', 'Romance']"
Stardust,"['Fairy Tale', 'Fantasy Epic', 'Feel-Good Romance', 'Quest', 'Romantic Epic', 'Swashbuckler', 'Adventure', 'Fantasy', 'Romance']"
Popeye: The Slayer Man,"['B-Horror', 'Slasher Horror', 'Horror']"
Gunslingers,"['Action', 'Drama', 'Western']"
Unfaithful,"['Dark Romance', 'Erotic Thriller', 'Steamy Romance', 'Drama', 'Romance', 'Thriller']"
Secretary,"['Dark Comedy', 'Romantic Comedy', 'Steamy Romance', 'Workplace Drama', 'Comedy', 'Drama', 'Romance']"
True Romance,"['Dark Romance', 'Drug Crime', 'Crime', 'Drama', 'Romance', 'Thriller']"
Edge of Tomorrow,"['Alien Invasion', 'Dystopian Sci-Fi', 'Sci-Fi Epic', 'Time Travel', 'Action', 'Adventure', 'Sci-Fi']"
Total Recall,"['Cyberpunk', 'One-Person Army Action', 'Space Sci-Fi', 'Action', 'Adventure', 'Sci-Fi']"
I Spit on Your Grave,"['Splatter Horror', 'Horror', 'Thriller']"
Ex Machina,"['Artificial Intelligence', 'Psychological Thriller', 'Drama', 'Sci-Fi', 'Thriller']"
The Toxic Avenger,"['Splatter Horror', 'Action', 'Comedy', 'Horror']"
Once Upon a Time in the West,"['Desert Adventure', 'Epic', 'Spaghetti Western', 'Western Epic', 'Drama', 'Western']"
No Time to Die,"['Action Epic', 'Adventure Epic', 'Globetrotting Adventure', 'Spy', 'Action', 'Adventure', 'Thriller']"
Superman,"['Sci-Fi Epic', 'Superhero', 'Urban Adventure', 'Action', 'Adventure', 'Sci-Fi']"
The Ballad of Wallis Island,"['Quirky Comedy', 'Comedy', 'Drama', 'Music']"
The Hunt,"['Psychological Drama', 'Tragedy', 'Drama']"
The Rule of Jenny Pen,"['Psychological Horror', 'Psychological Thriller', 'Horror', 'Mystery', 'Thriller']"
Mission: Impossible - Rogue Nation,"['Globetrotting Adventure', 'Spy', 'Action', 'Adventure', 'Thriller']"
Horizon: An American Saga - Chapter 1,"['Epic', 'Western Epic', 'Drama', 'Western']"
Sing,"['Animal Adventure', 'Computer Animation', 'Jukebox Musical', 'Animation', 'Comedy', 'Family', 'Musical']"
The Pianist,"['Docudrama', 'Epic', 'Period Drama', 'Tragedy', 'War Epic', 'Biography', 'Drama', 'Music', 'War']"
Creed,"['Boxing', 'Action', 'Drama', 'Sport']"
Grave of the Fireflies,"['Adult Animation', 'Anime', 'Hand-Drawn Animation', 'Period Drama', 'Tragedy', 'Animation', 'Drama', 'War']"
Charlie and the Chocolate Factory,"['Dark Comedy', 'Supernatural Fantasy', 'Teen Fantasy', 'Adventure', 'Comedy', 'Family', 'Fantasy', 'Musical']"
The Sound of Music,"['Classic Musical', 'Epic', 'Period Drama', 'Biography', 'Drama', 'Family', 'Musical', 'Romance']"
The Martian,"['Space Sci-Fi', 'Survival', 'Adventure', 'Drama', 'Sci-Fi']"
Despicable Me 4,"['Computer Animation', 'Urban Adventure', 'Adventure', 'Animation', 'Comedy', 'Crime', 'Family', 'Sci-Fi']"
Old School,"['Raunchy Comedy', 'Comedy']"
White Chicks,"['Buddy Comedy', 'Police Procedural', 'Satire', 'Comedy', 'Crime']"
The Girl with the Dragon Tattoo,"['Psychological Drama', 'Psychological Thriller', 'Serial Killer', 'Whodunnit', 'Crime', 'Drama', 'Mystery', 'Thriller']"
Terminator: Dark Fate,"['Artificial Intelligence', 'Cyberpunk', 'Time Travel', 'Action', 'Adventure', 'Sci-Fi']"
Kids,"['Coming-of-Age', 'Teen Drama', 'Tragedy', 'Drama']"
The Revenant,"['Epic', 'Period Drama', 'Survival', 'Western Epic', 'Adventure', 'Drama', 'Western']"
The Family I Had,"['Crime', 'Documentary']"
The Predator,"['Alien Invasion', 'Urban Adventure', 'Action', 'Adventure', 'Sci-Fi', 'Thriller']"
Poltergeist,"['Supernatural Horror', 'Horror', 'Thriller']"
Lie with Me,"['Dark Romance', 'Steamy Romance', 'Drama', 'Romance']"
Juliet & Romeo,"['Drama', 'Musical', 'Romance']"
Only the Brave,"['Disaster', 'Docudrama', 'Action', 'Biography', 'Drama']"
Wrong Turn,"['Slasher Horror', 'Splatter Horror', 'Teen Horror', 'Horror', 'Thriller']"
The Wedding Banquet,"['Feel-Good Romance', 'Romantic Comedy', 'Comedy', 'Romance']"
A Beautiful Mind,"['Docudrama', 'Period Drama', 'Psychological Drama', 'Biography', 'Drama', 'Mystery']"
Mid90s,"['Coming-of-Age', 'Comedy', 'Drama']"
September 5,"['Docudrama', 'Period Drama', 'Tragedy', 'Drama', 'History', 'Thriller']"
Fury,"['Period Drama', 'Action', 'Drama', 'War']"
The Perks of Being a Wallflower,"['Coming-of-Age', 'Psychological Drama', 'Teen Drama', 'Drama']"
Anatomy of a Fall,"['Legal Drama', 'Legal Thriller', 'Psychological Drama', 'Psychological Thriller', 'Crime', 'Drama', 'Thriller']"
Notting Hill,"['Feel-Good Romance', 'Romantic Comedy', 'Satire', 'Showbiz Drama', 'Comedy', 'Drama', 'Romance']"
Don't Look Up,"['Dark Comedy', 'Satire', 'Tragedy', 'Comedy', 'Drama', 'Sci-Fi']"
Free Guy,"['Artificial Intelligence', 'High-Concept Comedy', 'Superhero', 'Action', 'Adventure', 'Comedy', 'Fantasy', 'Romance', 'Sci-Fi']"
Sisu,"['Action Epic', 'One-Person Army Action', 'Action', 'War']"
Avengers: Age of Ultron,"['Artificial Intelligence', 'Superhero', 'Urban Adventure', 'Action', 'Adventure', 'Sci-Fi']"
The General's Daughter,"['Political Thriller', 'Crime', 'Drama', 'Mystery', 'Thriller']"
Moana,"['Computer Animation', 'Quest', 'Sea Adventure', 'Adventure', 'Animation', 'Comedy', 'Family', 'Fantasy', 'Musical']"
The Last Showgirl,"['Workplace Drama', 'Drama']"
Your Name.,"['Anime', 'Shōjo', 'Animation', 'Drama', 'Fantasy', 'Romance']"
Home Sweet Home: Rebirth,"['Action', 'Horror', 'Mystery', 'Sci-Fi', 'Thriller']"
Harry Potter and the Chamber of Secrets,"['Sword & Sorcery', 'Teen Adventure', 'Teen Fantasy', 'Adventure', 'Family', 'Fantasy', 'Mystery']"
Moneyball,"['Baseball', 'Docudrama', 'Biography', 'Drama', 'Sport']"
A Dog's Way Home,"['Adventure', 'Drama', 'Family']"
Return to Silent Hill,"['Supernatural Horror', 'Horror']"
Die Alone,"['Zombie Horror', 'Drama', 'Horror', 'Mystery', 'Romance', 'Sci-Fi', 'Thriller']"
Scary Movie,"['Parody', 'Raunchy Comedy', 'Slapstick', 'Stoner Comedy', 'Teen Comedy', 'Comedy']"
Deva,"['Cop Drama', 'One-Person Army Action', 'Police Procedural', 'Psychological Thriller', 'Suspense Mystery', 'Whodunnit', 'Action', 'Crime', 'Drama', 'Mystery']"
Princess Mononoke,"['Action Epic', 'Adult Animation', 'Adventure Epic', 'Anime', 'Dark Fantasy', 'Fantasy Epic', 'Hand-Drawn Animation', 'Quest', 'Adventure', 'Animation']"
Perfect Days,"['Psychological Drama', 'Drama']"
Friday,"['Buddy Comedy', 'Stoner Comedy', 'Comedy', 'Drama']"
The Greatest Showman,"['Period Drama', 'Pop Musical', 'Showbiz Drama', 'Biography', 'Drama', 'Musical']"
Nonnas,['Comedy']
Uncut Gems,"['Psychological Drama', 'Psychological Thriller', 'Crime', 'Drama', 'Thriller']"
Blue Velvet,"['Erotic Thriller', 'Psychological Thriller', 'Crime', 'Drama', 'Mystery', 'Thriller']"
Ferris Bueller's Day Off,"['Buddy Comedy', 'Satire', 'Teen Comedy', 'Comedy']"
"Good Luck to You, Leo Grande","['Quirky Comedy', 'Comedy', 'Drama']"
You're Cordially Invited,['Comedy']
Harry Potter and the Order of the Phoenix,"['Teen Adventure', 'Teen Fantasy', 'Action', 'Adventure', 'Family', 'Fantasy', 'Mystery']"
I Saw the TV Glow,"['Coming-of-Age', 'Psychological Drama', 'Suspense Mystery', 'Drama', 'Mystery']"
Armageddon,"['Disaster', 'Space Sci-Fi', 'Action', 'Adventure', 'Sci-Fi', 'Thriller']"
Psycho,"['Dark Comedy', 'Psychological Horror', 'Psychological Thriller', 'Slasher Horror', 'Suspense Mystery', 'Drama', 'Horror', 'Mystery', 'Thriller']"
Wonka,"['Supernatural Fantasy', 'Adventure', 'Comedy', 'Family', 'Fantasy', 'Musical']"
Men in Black,"['Alien Invasion', 'Buddy Comedy', 'Buddy Cop', 'High-Concept Comedy', 'Urban Adventure', 'Action', 'Adventure', 'Comedy', 'Sci-Fi']"
The Da Vinci Code,"['Conspiracy Thriller', 'Globetrotting Adventure', 'Suspense Mystery', 'Mystery', 'Thriller']"
The Wizard of Oz,"['Adventure Epic', 'Classic Musical', 'Fairy Tale', 'Fantasy Epic', 'Quest', 'Adventure', 'Family', 'Fantasy', 'Musical']"
Chronicle,"['Coming-of-Age', 'Superhero', 'Teen Adventure', 'Teen Drama', 'Adventure', 'Drama', 'Sci-Fi', 'Thriller']"
School of Rock,"['High-Concept Comedy', 'Comedy', 'Music']"
Bridge to Terabithia,"['Coming-of-Age', 'Drama', 'Family', 'Fantasy']"
Ghosted,"['Romantic Comedy', 'Action', 'Adventure', 'Comedy', 'Romance']"
Thor,"['Superhero', 'Supernatural Fantasy', 'Action', 'Fantasy']"
Trainspotting,"['Dark Comedy', 'Psychological Drama', 'Drama']"
The Human Centipede (First Sequence),"['Body Horror', 'Splatter Horror', 'Horror']"
Tremors,"['B-Horror', 'Dark Comedy', 'Monster Horror', 'Comedy', 'Horror']"
The Irishman,"['Docudrama', 'Epic', 'Gangster', 'Period Drama', 'True Crime', 'Biography', 'Crime', 'Drama', 'History', 'Thriller']"
Terrifier,"['Slasher Horror', 'Splatter Horror', 'Teen Horror', 'Horror', 'Thriller']"
Aftersun,"['Coming-of-Age', 'Teen Drama', 'Drama']"
Veera Dheera Sooran: Part 2,"['Martial Arts', 'Action']"
Runaway Jury,"['Conspiracy Thriller', 'Legal Drama', 'Legal Thriller', 'Crime', 'Drama', 'Thriller']"
The Hill,"['Biography', 'Drama', 'Sport']"
The Little Mermaid,"['Fairy Tale', 'Feel-Good Romance', 'Sea Adventure', 'Teen Romance', 'Adventure', 'Family', 'Fantasy', 'Musical', 'Romance']"
Captain America: Civil War,"['Superhero', 'Action', 'Sci-Fi']"
Cruel Intentions,"['Dark Romance', 'Psychological Drama', 'Steamy Romance', 'Teen Drama', 'Teen Romance', 'Drama', 'Romance']"
The Faculty,"['Alien Invasion', 'Monster Horror', 'Teen Horror', 'Horror', 'Mystery', 'Sci-Fi']"
It's a Mad Mad Mad Mad World,"['Caper', 'Epic', 'Globetrotting Adventure', 'Road Trip', 'Screwball Comedy', 'Slapstick', 'Action', 'Adventure', 'Comedy', 'Crime']"
The Salt Path,"['Docudrama', 'Psychological Drama', 'Tragedy', 'Drama']"
The Idea of You,"['Feel-Good Romance', 'Romantic Comedy', 'Comedy', 'Drama', 'Romance']"
Shrek,"['Buddy Comedy', 'Computer Animation', 'Fairy Tale', 'Feel-Good Romance', 'Parody', 'Quest', 'Romantic Comedy', 'Satire', 'Slapstick', 'Swashbuckler']"
Lucky Baskhar,"['Caper', 'Crime', 'Drama', 'Thriller']"
The Cabin in the Woods,"['Conspiracy Thriller', 'Monster Horror', 'Psychological Horror', 'Slasher Horror', 'Supernatural Horror', 'Suspense Mystery', 'Teen Horror', 'Werewolf Horror', 'Horror', 'Mystery']"
The Last Stop in Yuma County,"['Crime', 'Drama', 'Thriller']"
The Gray Man,"['One-Person Army Action', 'Action', 'Mystery', 'Thriller']"
The Marvels,"['Space Sci-Fi', 'Superhero', 'Action', 'Adventure', 'Sci-Fi']"
Ne Zha 2,"['Computer Animation', 'Fantasy Epic', 'Martial Arts', 'Supernatural Fantasy', 'Action', 'Adventure', 'Animation', 'Drama', 'Fantasy']"
Cheech & Chong's Last Movie,"['Music Documentary', 'Documentary']"
The Exorcist,"['Body Horror', 'Psychological Drama', 'Psychological Horror', 'Supernatural Horror', 'Tragedy', 'Horror']"
Children of Men,"['Dystopian Sci-Fi', 'Epic', 'Sci-Fi Epic', 'Drama', 'Sci-Fi', 'Thriller']"
Eden Lake,"['Psychological Horror', 'Psychological Thriller', 'Splatter Horror', 'Teen Horror', 'Tragedy', 'Horror', 'Thriller']"
Shang-Chi and the Legend of the Ten Rings,"['Action Epic', 'Adventure Epic', 'Fantasy Epic', 'Kung Fu', 'Martial Arts', 'Superhero', 'Action', 'Adventure', 'Fantasy', 'Sci-Fi']"
Amélie,"['Feel-Good Romance', 'Quirky Comedy', 'Romantic Comedy', 'Comedy', 'Romance']"
Jojo Rabbit,"['Coming-of-Age', 'Dark Comedy', 'High-Concept Comedy', 'Period Drama', 'Quirky Comedy', 'Satire', 'Comedy', 'Drama', 'War']"
Into the Wild,"['Coming-of-Age', 'Docudrama', 'Road Trip', 'Survival', 'Tragedy', 'Adventure', 'Biography', 'Drama']"
The Ritual,['Horror']
Nickel Boys,"['Coming-of-Age', 'Tragedy', 'Drama']"
Draft Day,"['Football', 'Drama', 'Sport']"
Dracula,"['Dark Fantasy', 'Dark Romance', 'Supernatural Fantasy', 'Supernatural Horror', 'Tragedy', 'Vampire Horror', 'Fantasy', 'Horror', 'Romance']"
Meet Joe Black,"['Supernatural Fantasy', 'Tragic Romance', 'Drama', 'Fantasy', 'Romance']"
Black Adam,"['Superhero', 'Action', 'Adventure', 'Fantasy', 'Sci-Fi']"
Desire,"['Steamy Romance', 'Drama', 'Romance']"
Uncharted,"['Globetrotting Adventure', 'Quest', 'Action', 'Adventure']"
Palm Springs,"['Feel-Good Romance', 'High-Concept Comedy', 'Romantic Comedy', 'Supernatural Fantasy', 'Comedy', 'Fantasy', 'Mystery', 'Romance']"
Kung Fu Panda,"['Animal Adventure', 'Computer Animation', 'Kung Fu', 'Martial Arts', 'Wuxia', 'Action', 'Adventure', 'Animation', 'Comedy', 'Family']"
The Social Network,"['Docudrama', 'Epic', 'Legal Drama', 'Biography', 'Drama']"
Office Space,"['Satire', 'Comedy']"
The Tomorrow War,"['Alien Invasion', 'Dystopian Sci-Fi', 'Time Travel', 'Action', 'Adventure', 'Drama', 'Sci-Fi', 'Thriller']"
A Serbian Film,"['Showbiz Drama', 'Splatter Horror', 'Suspense Mystery', 'Horror', 'Mystery', 'Thriller']"
Fresh,"['Psychological Horror', 'Psychological Thriller', 'Horror', 'Thriller']"
Salem's Lot,"['Supernatural Horror', 'Vampire Horror', 'Horror', 'Thriller']"
The Holdovers,"['Holiday Comedy', 'Comedy', 'Drama', 'Holiday']"
Boogie Nights,"['Period Drama', 'Showbiz Drama', 'Drama']"
Pretty Woman,"['Feel-Good Romance', 'Romantic Comedy', 'Comedy', 'Romance']"
Doctor Strange in the Multiverse of Madness,"['Dark Fantasy', 'Superhero', 'Action', 'Adventure', 'Fantasy', 'Sci-Fi']"
The Mask,"['High-Concept Comedy', 'Slapstick', 'Superhero', 'Comedy', 'Crime', 'Fantasy']"
The Incredible Hulk,"['Kaiju', 'One-Person Army Action', 'Superhero', 'Urban Adventure', 'Action', 'Adventure', 'Sci-Fi']"
The Sandlot,"['Baseball', 'Coming-of-Age', 'Teen Comedy', 'Comedy', 'Drama', 'Family', 'Sport']"
Booksmart,"['Buddy Comedy', 'Coming-of-Age', 'Teen Comedy', 'Comedy']"
The Expendables 4,"['Action Epic', 'Action', 'Adventure', 'Thriller', 'War']"
The Zone of Interest,"['Period Drama', 'Drama', 'History', 'War']"
V for Vendetta,"['Dystopian Sci-Fi', 'Political Thriller', 'Superhero', 'Action', 'Drama', 'Sci-Fi', 'Thriller']"
Scent of a Woman,"['Epic', 'Drama']"
Beetlejuice,"['Dark Comedy', 'Dark Fantasy', 'Quirky Comedy', 'Slapstick', 'Supernatural Fantasy', 'Comedy', 'Fantasy']"
Passengers,"['Space Sci-Fi', 'Drama', 'Romance', 'Sci-Fi', 'Thriller']"
Carrie,"['Supernatural Horror', 'Teen Horror', 'Horror', 'Mystery']"
Marked Men,"['Dark Romance', 'Steamy Romance', 'Romance']"
The Fast and the Furious,"['Car Action', 'Action', 'Crime', 'Thriller']"
The Virgin Suicides,"['Coming-of-Age', 'Teen Drama', 'Tragedy', 'Drama', 'Romance']"
Sing Sing,"['Docudrama', 'Prison Drama', 'Drama']"
The Whale,"['Epic', 'Psychological Drama', 'Tragedy', 'Drama']"
The Naked Gun: From the Files of Police Squad!,"['Parody', 'Screwball Comedy', 'Slapstick', 'Comedy', 'Crime']"
The Hunt,"['Dark Comedy', 'Slasher Horror', 'Action', 'Horror', 'Thriller']"
Lucy,"['Artificial Intelligence', 'Cyberpunk', 'Action', 'Sci-Fi', 'Thriller']"
In a Violent Nature,"['Slasher Horror', 'Teen Horror', 'Drama', 'Horror', 'Thriller']"
Casino Royale,"['Globetrotting Adventure', 'Spy', 'Action', 'Adventure', 'Thriller']"
Predestination,"['Time Travel', 'Action', 'Drama', 'Sci-Fi', 'Thriller']"
Easy A,"['Romantic Comedy', 'Satire', 'Teen Comedy', 'Teen Drama', 'Teen Romance', 'Comedy', 'Drama', 'Romance']"
Sacramento,"['Buddy Comedy', 'Comedy']"
The Last Voyage of the Demeter,"['Dark Fantasy', 'Supernatural Horror', 'Vampire Horror', 'Fantasy', 'Horror', 'Thriller']"
My Cousin Vinny,"['Legal Drama', 'Comedy', 'Crime']"
Howl's Moving Castle,"['Adventure Epic', 'Anime', 'Hand-Drawn Animation', 'Supernatural Fantasy', 'Adventure', 'Animation', 'Family', 'Fantasy']"
The Devil Wears Prada,"['Workplace Drama', 'Comedy', 'Drama']"
Bad Boys: Ride or Die,"['Action Epic', 'Buddy Comedy', 'Buddy Cop', 'Action', 'Adventure', 'Comedy', 'Crime', 'Thriller']"
Spaceballs,"['Farce', 'Parody', 'Quest', 'Quirky Comedy', 'Slapstick', 'Space Sci-Fi', 'Adventure', 'Comedy', 'Sci-Fi']"
Emmanuelle,"['Steamy Romance', 'Drama', 'Romance']"
Solo: A Star Wars Story,"['Sci-Fi Epic', 'Space Sci-Fi', 'Action', 'Adventure', 'Sci-Fi']"
Venom,"['Kaiju', 'Superhero', 'Urban Adventure', 'Action', 'Adventure', 'Sci-Fi']"
Beauty and the Beast,"['Dark Fantasy', 'Fairy Tale', 'Adventure', 'Family', 'Fantasy', 'Musical', 'Romance']"
Love Actually,"['Holiday Comedy', 'Holiday Romance', 'Romantic Comedy', 'Comedy', 'Drama', 'Holiday', 'Romance']"
All Quiet on the Western Front,"['Epic', 'Period Drama', 'Tragedy', 'War Epic', 'Drama', 'History', 'War']"
The Lighthouse,"['Period Drama', 'Psychological Horror', 'Suspense Mystery', 'Drama', 'Fantasy', 'Horror', 'Mystery', 'Thriller']"
E.T. the Extra-Terrestrial,"['Coming-of-Age', 'Space Sci-Fi', 'Adventure', 'Family', 'Sci-Fi']"
Alien: Covenant,"['Monster Horror', 'Sci-Fi Epic', 'Space Sci-Fi', 'Tragedy', 'Horror', 'Sci-Fi', 'Thriller']"
Zootopia,"['Animal Adventure', 'Buddy Comedy', 'Computer Animation', 'Urban Adventure', 'Action', 'Adventure', 'Animation', 'Comedy', 'Crime', 'Family']"
Gangs of New York,"['Costume Drama', 'Epic', 'Gangster', 'Period Drama', 'Crime', 'Drama']"
The Day the Earth Blew Up: A Looney Tunes Movie,"['Alien Invasion', 'Buddy Comedy', 'Hand-Drawn Animation', 'Slapstick', 'Adventure', 'Animation', 'Comedy', 'Family', 'Sci-Fi']"
Sicario: Day of the Soldado,"['Drug Crime', 'Action', 'Crime', 'Drama', 'Mystery', 'Thriller']"
A Few Good Men,"['Legal Drama', 'Legal Thriller', 'Drama', 'Thriller']"
M3GAN,"['Artificial Intelligence', 'Cyber Thriller', 'Dark Comedy', 'Slasher Horror', 'Horror', 'Sci-Fi', 'Thriller']"
Police Academy,"['Farce', 'Raunchy Comedy', 'Slapstick', 'Comedy']"
The Six Triple Eight,"['Period Drama', 'Drama', 'History', 'War']"
Nightcrawler,"['Psychological Drama', 'Psychological Thriller', 'Crime', 'Drama', 'Thriller']"
The Imitation Game,"['Period Drama', 'Psychological Drama', 'Tragedy', 'Biography', 'Drama', 'Thriller', 'War']"
The Lives of Others,"['Political Thriller', 'Psychological Drama', 'Spy', 'Drama', 'Mystery', 'Thriller']"
All of Us Strangers,"['Psychological Drama', 'Tragic Romance', 'Drama', 'Romance']"
The Last Duel,"['Action Epic', 'Costume Drama', 'Epic', 'Historical Epic', 'Drama', 'History', 'Thriller']"
Jack Reacher,"['Conspiracy Thriller', 'One-Person Army Action', 'Action', 'Thriller']"
The Killer,"['Psychological Thriller', 'Action', 'Adventure', 'Crime', 'Drama', 'Thriller']"
The Incredibles,"['Computer Animation', 'Superhero', 'Action', 'Adventure', 'Animation', 'Family']"
Borderline,"['Dark Comedy', 'Psychological Horror', 'Psychological Thriller', 'Comedy', 'Horror', 'Thriller']"
Les Misérables,"['Epic', 'Period Drama', 'Drama', 'Musical', 'Romance']"
Scott Pilgrim vs. the World,"['High-Concept Comedy', 'Romantic Comedy', 'Teen Comedy', 'Teen Fantasy', 'Teen Romance', 'Action', 'Comedy', 'Fantasy', 'Romance']"
Dune,"['Desert Adventure', 'Sci-Fi Epic', 'Space Sci-Fi', 'Action', 'Adventure', 'Sci-Fi']"
My Old Ass,"['Coming-of-Age', 'Comedy', 'Drama', 'Romance']"
The Deer Hunter,"['Epic', 'War Epic', 'Drama', 'War']"
Fantastic Four,"['Superhero', 'Urban Adventure', 'Action', 'Adventure', 'Fantasy', 'Sci-Fi']"
Baywatch,"['Buddy Comedy', 'Action', 'Comedy', 'Crime']"
X-Men,"['Superhero', 'Action', 'Adventure', 'Sci-Fi']"
Die Hard,"['Disaster', 'One-Person Army Action', 'Action', 'Holiday', 'Thriller']"
Speed,"['Car Action', 'Urban Adventure', 'Action', 'Adventure', 'Thriller']"
Late Night with the Devil,"['Found Footage Horror', 'Supernatural Horror', 'Horror']"
The Last of the Mohicans,"['Action Epic', 'Epic', 'Period Drama', 'Romantic Epic', 'Tragedy', 'War Epic', 'Action', 'Adventure', 'Drama', 'Romance']"
Spotlight,"['Docudrama', 'Legal Drama', 'Period Drama', 'True Crime', 'Workplace Drama', 'Biography', 'Crime', 'Drama']"
Dead Mail,"['Crime', 'Drama', 'Horror', 'Thriller']"
The Boy and the Heron,"['Anime', 'Fantasy Epic', 'Hand-Drawn Animation', 'Isekai', 'Adventure', 'Animation', 'Drama', 'Fantasy']"
L.A. Confidential,"['Conspiracy Thriller', 'Cop Drama', 'Hard-boiled Detective', 'Period Drama', 'Police Procedural', 'Suspense Mystery', 'Whodunnit', 'Crime', 'Drama', 'Mystery']"
Shazam! Fury of the Gods,"['Superhero', 'Action', 'Adventure', 'Comedy', 'Fantasy', 'Sci-Fi']"
Ant-Man and the Wasp,"['Superhero', 'Action', 'Adventure', 'Comedy', 'Sci-Fi']"
Triangle of Sadness,"['Dark Comedy', 'Satire', 'Comedy', 'Drama']"
West Side Story,"['Classic Musical', 'Tragic Romance', 'Crime', 'Drama', 'Musical', 'Romance']"
Bad Times at the El Royale,"['Suspense Mystery', 'Crime', 'Drama', 'Mystery', 'Thriller']"
Argylle,"['Spy', 'Action', 'Comedy', 'Thriller']"
Training Day,"['Cop Drama', 'Drug Crime', 'Gangster', 'Police Procedural', 'Tragedy', 'Crime', 'Drama', 'Thriller']"
Summer of 69,"['Comedy', 'Drama']"
The Patriot,"['Epic', 'Period Drama', 'War Epic', 'Action', 'Drama', 'History', 'War']"
MadS,"['Teen Horror', 'Zombie Horror', 'Horror', 'Thriller']"
Crazy Rich Asians,"['Feel-Good Romance', 'Romantic Comedy', 'Comedy', 'Drama', 'Romance']"
Hot Tub Time Machine,"['Time Travel', 'Comedy', 'Sci-Fi']"
3 Idiots,"['Buddy Comedy', 'Coming-of-Age', 'Quirky Comedy', 'Comedy', 'Drama']"
Logan,"['Dystopian Sci-Fi', 'Road Trip', 'Superhero', 'Action', 'Drama', 'Sci-Fi', 'Thriller']"
Coco,"['Computer Animation', 'Supernatural Fantasy', 'Adventure', 'Animation', 'Drama', 'Family', 'Fantasy', 'Music', 'Mystery']"
Emilia Pérez,"['Pop Musical', 'Crime', 'Drama', 'Musical', 'Thriller']"
Toy Story,"['Buddy Comedy', 'Computer Animation', 'Supernatural Fantasy', 'Urban Adventure', 'Adventure', 'Animation', 'Comedy', 'Family', 'Fantasy']"
Survive,"['Sea Adventure', 'Survival', 'Action', 'Adventure', 'Sci-Fi', 'Thriller']"
The King's Man,"['Spy', 'Action', 'Adventure', 'Thriller']"
For Your Eyes Only,"['Spy', 'Action', 'Adventure', 'Thriller']"
The Nice Guys,"['Buddy Cop', 'Bumbling Detective', 'Slapstick', 'Action', 'Comedy', 'Crime', 'Thriller']"
The Maze Runner,"['Suspense Mystery', 'Action', 'Mystery', 'Sci-Fi', 'Thriller']"
Caddo Lake,"['Time Travel', 'Drama', 'Mystery', 'Sci-Fi', 'Thriller']"
Coherence,"['Suspense Mystery', 'Time Travel', 'Mystery', 'Sci-Fi', 'Thriller']"
The Lost World: Jurassic Park,"['Dinosaur Adventure', 'Jungle Adventure', 'Action', 'Adventure', 'Sci-Fi']"
Spider-Man: Homecoming,"['Superhero', 'Urban Adventure', 'Action', 'Adventure', 'Sci-Fi']"
Shooter,"['One-Person Army Action', 'Political Thriller', 'Psychological Thriller', 'Action', 'Drama', 'Thriller']"
Ghostbusters,"['High-Concept Comedy', 'Quirky Comedy', 'Supernatural Fantasy', 'Action', 'Comedy', 'Fantasy', 'Sci-Fi']"
How to Make Millions Before Grandma Dies,"['Coming-of-Age', 'Dark Comedy', 'Comedy', 'Drama', 'Family']"
Bring It On,"['Teen Comedy', 'Comedy', 'Romance', 'Sport']"
Event Horizon,"['Psychological Horror', 'Space Sci-Fi', 'Supernatural Horror', 'Horror', 'Sci-Fi', 'Thriller']"
Transformers: The Last Knight,"['Alien Invasion', 'Action', 'Adventure', 'Sci-Fi']"
Frozen,"['Computer Animation', 'Fairy Tale', 'Mountain Adventure', 'Pop Musical', 'Adventure', 'Animation', 'Comedy', 'Family', 'Fantasy', 'Musical']"
Good Boy,"['Horror', 'Thriller']"
The Lost Boys,"['Supernatural Horror', 'Teen Horror', 'Vampire Horror', 'Comedy', 'Horror']"
After,"['Steamy Romance', 'Teen Drama', 'Teen Romance', 'Drama', 'Romance']"
Van Helsing,"['Dark Fantasy', 'Superhero', 'Supernatural Fantasy', 'Action', 'Adventure', 'Fantasy', 'Thriller']"
Puss in Boots: The Last Wish,"['Animal Adventure', 'Computer Animation', 'Fairy Tale', 'Quest', 'Swashbuckler', 'Action', 'Adventure', 'Animation', 'Comedy', 'Family']"
The Wedding Singer,"['Feel-Good Romance', 'Romantic Comedy', 'Comedy', 'Music', 'Romance']"
The Magnificent Seven,"['Period Drama', 'Action', 'Adventure', 'Drama', 'Western']"
A Quiet Place: Day One,"['Alien Invasion', 'Monster Horror', 'Drama', 'Horror', 'Sci-Fi', 'Thriller']"
Psycho Therapy: The Shallow Tale of a Writer Who Decided to Write About a Serial Killer,"['Comedy', 'Drama']"
Taken,"['One-Person Army Action', 'Action', 'Crime', 'Thriller']"
Man of Steel,"['Alien Invasion', 'Superhero', 'Urban Adventure', 'Action', 'Adventure', 'Sci-Fi']"
Wifelike,"['Artificial Intelligence', 'Crime', 'Mystery', 'Sci-Fi', 'Thriller']"
Beautiful Boy,"['Docudrama', 'Biography', 'Drama']"
IF,"['Computer Animation', 'High-Concept Comedy', 'Animation', 'Comedy', 'Drama', 'Family', 'Fantasy']"
Sense and Sensibility,"['Costume Drama', 'Period Drama', 'Romantic Comedy', 'Drama', 'Romance']"
The Parent Trap,"['Feel-Good Romance', 'Adventure', 'Comedy', 'Drama', 'Family', 'Romance']"
Finding Nemo,"['Animal Adventure', 'Buddy Comedy', 'Computer Animation', 'Quest', 'Sea Adventure', 'Adventure', 'Animation', 'Comedy', 'Family']"
Iron Man 2,"['Sci-Fi Epic', 'Superhero', 'Action', 'Sci-Fi']"
Cinderella,"['Fairy Tale', 'Feel-Good Romance', 'Adventure', 'Drama', 'Family', 'Fantasy', 'Romance']"
Kneecap,"['Dark Comedy', 'Docudrama', 'Comedy', 'Drama', 'Music']"
Little Miss Sunshine,"['Coming-of-Age', 'Dark Comedy', 'Road Trip', 'Comedy', 'Drama']"
Star Trek,"['Space Sci-Fi', 'Time Travel', 'Action', 'Adventure', 'Sci-Fi']"
Hook,"['Fairy Tale', 'Parody', 'Swashbuckler', 'Adventure', 'Comedy', 'Family', 'Fantasy']"
2012,"['Disaster', 'Survival', 'Action', 'Adventure', 'Sci-Fi']"
Harry Potter and the Deathly Hallows: Part 1,"['Dark Fantasy', 'Supernatural Fantasy', 'Sword & Sorcery', 'Teen Adventure', 'Teen Fantasy', 'Adventure', 'Family', 'Fantasy', 'Mystery']"
The Lord of the Rings: The War of the Rohirrim,"['Adventure Epic', 'Anime', 'Dark Fantasy', 'Fantasy Epic', 'Sword & Sorcery', 'Action', 'Adventure', 'Animation', 'Drama', 'Fantasy']"
Demolition,"['Dark Comedy', 'Psychological Drama', 'Comedy', 'Drama']"
Fantastic Mr. Fox,"['Animal Adventure', 'Caper', 'Quirky Comedy', 'Stop Motion Animation', 'Adventure', 'Animation', 'Comedy', 'Crime', 'Drama', 'Family']"
Top Secret!,"['Parody', 'Slapstick', 'Comedy', 'Crime', 'Music']"
Jerry Maguire,"['Feel-Good Romance', 'Football', 'Romantic Comedy', 'Workplace Drama', 'Comedy', 'Drama', 'Romance', 'Sport']"
Pirates of the Caribbean: Dead Men Tell No Tales,"['Sea Adventure', 'Supernatural Fantasy', 'Swashbuckler', 'Action', 'Adventure', 'Fantasy']"
The Elephant Man,"['Docudrama', 'Period Drama', 'Tragedy', 'Biography', 'Drama']"
The Crow,"['Dark Fantasy', 'Dark Romance', 'One-Person Army Action', 'Serial Killer', 'Splatter Horror', 'Superhero', 'Supernatural Fantasy', 'Supernatural Horror', 'Tragic Romance', 'Action']"
Pirates of the Caribbean: Dead Man's Chest,"['Adventure Epic', 'Sea Adventure', 'Swashbuckler', 'Action', 'Adventure', 'Fantasy']"
Red One,"['Holiday Comedy', 'Action', 'Adventure', 'Comedy', 'Fantasy', 'Holiday', 'Mystery']"
Ground Zero,"['Action', 'Drama', 'History']"
Batman,"['Action Epic', 'Superhero', 'Tragedy', 'Urban Adventure', 'Action', 'Adventure']"
Fantastic Four,"['Superhero', 'Action', 'Adventure', 'Sci-Fi']"
Predators,"['Jungle Adventure', 'Survival', 'Action', 'Adventure', 'Sci-Fi', 'Thriller']"
Ted,"['Buddy Comedy', 'High-Concept Comedy', 'Raunchy Comedy', 'Satire', 'Slapstick', 'Comedy']"
Caveat,"['Supernatural Horror', 'Suspense Mystery', 'Horror', 'Mystery', 'Thriller']"
Hamilton,"['Epic', 'Historical Epic', 'Biography', 'Drama', 'History', 'Musical']"
Oblivion,"['Dystopian Sci-Fi', 'Action', 'Adventure', 'Sci-Fi']"
"Lock, Stock and Two Smoking Barrels","['Dark Comedy', 'Farce', 'Gangster', 'Heist', 'Comedy', 'Crime']"
Weird Science,"['Raunchy Comedy', 'Teen Comedy', 'Comedy', 'Romance', 'Sci-Fi']"
Fantastic Beasts and Where to Find Them,"['Supernatural Fantasy', 'Sword & Sorcery', 'Adventure', 'Family', 'Fantasy']"
Pink Floyd: Live at Pompeii,"['Concert', 'Documentary', 'Music']"
In Time,"['Cyber Thriller', 'Cyberpunk', 'Dystopian Sci-Fi', 'Action', 'Sci-Fi', 'Thriller']"
Contagion,"['Disaster', 'Drama', 'Thriller']"
Raid,"['Dark Comedy', 'True Crime', 'Crime', 'Drama', 'Thriller']"
Inside Man,"['Heist', 'Crime', 'Drama', 'Mystery', 'Thriller']"
Rain Man,"['Road Trip', 'Drama']"
Cast Away,"['Survival', 'Adventure', 'Drama', 'Romance']"
Lost in Translation,"['Coming-of-Age', 'Comedy', 'Drama']"
Red Sparrow,"['Psychological Thriller', 'Spy', 'Action', 'Drama', 'Thriller']"
Kingdom of the Planet of the Apes,"['Dystopian Sci-Fi', 'Sci-Fi Epic', 'Action', 'Adventure', 'Drama', 'Sci-Fi', 'Thriller']"
WALL·E,"['Adventure Epic', 'Artificial Intelligence', 'Computer Animation', 'Dystopian Sci-Fi', 'Psychological Drama', 'Space Sci-Fi', 'Adventure', 'Animation', 'Family', 'Sci-Fi']"
Pale Rider,"['Drama', 'Western']"
Iron Man 3,"['Superhero', 'Urban Adventure', 'Action', 'Adventure', 'Sci-Fi']"
The Old Guard 2,"['Superhero', 'Action', 'Adventure', 'Fantasy', 'Thriller']"
Saw,"['B-Horror', 'Splatter Horror', 'Horror', 'Mystery', 'Thriller']"
The Rocky Horror Picture Show,"['B-Horror', 'Dark Comedy', 'Parody', 'Raunchy Comedy', 'Rock Musical', 'Supernatural Horror', 'Comedy', 'Horror', 'Musical']"
The Rock,"['Conspiracy Thriller', 'Dark Comedy', 'Disaster', 'Political Drama', 'Political Thriller', 'Tragedy', 'Action', 'Adventure', 'Thriller']"
Death Proof,"['Car Action', 'Dark Comedy', 'Drama', 'Thriller']"
Mystic River,"['Psychological Thriller', 'Suspense Mystery', 'Crime', 'Drama', 'Mystery', 'Thriller']"
Opus,"['Psychological Drama', 'Psychological Thriller', 'Drama', 'Music', 'Thriller']"
Geostorm,"['Disaster', 'Action', 'Sci-Fi', 'Thriller']"
Dogma,"['Dark Comedy', 'Satire', 'Adventure', 'Comedy', 'Drama', 'Fantasy']"
Underwater,"['Disaster', 'Psychological Thriller', 'Sea Adventure', 'Action', 'Horror', 'Sci-Fi', 'Thriller']"
13 Hours: The Secret Soldiers of Benghazi,"['Docudrama', 'Action', 'Drama', 'History', 'Thriller', 'War']"
Margin Call,"['Workplace Drama', 'Drama', 'Thriller', 'Financial Drama']"
Zack Snyder's Justice League,"['Action Epic', 'Superhero', 'Action', 'Adventure', 'Fantasy', 'Sci-Fi']"
Gone with the Wind,"['Costume Drama', 'Epic', 'Period Drama', 'Romantic Epic', 'Tragic Romance', 'War Epic', 'Drama', 'Romance', 'War']"
Nightbitch,"['Body Horror', 'Dark Comedy', 'Comedy', 'Horror']"
It's What's Inside,"['Dark Comedy', 'Comedy', 'Mystery', 'Sci-Fi', 'Thriller']"
The Abyss,"['Sea Adventure', 'Adventure', 'Drama', 'Mystery', 'Sci-Fi', 'Thriller']"
Tangled,"['Computer Animation', 'Fairy Tale', 'Feel-Good Romance', 'Pop Musical', 'Teen Adventure', 'Teen Comedy', 'Teen Fantasy', 'Teen Romance', 'Adventure', 'Animation']"
The 40-Year-Old Virgin,"['Feel-Good Romance', 'Raunchy Comedy', 'Romantic Comedy', 'Comedy', 'Romance']"
Wedding Crashers,"['Farce', 'Raunchy Comedy', 'Romantic Comedy', 'Comedy', 'Romance']"
Ben-Hur,"['Adventure Epic', 'Epic', 'Period Drama', 'Sword & Sandal', 'Adventure', 'Drama']"
Deadpool 2,"['Dark Comedy', 'Gun Fu', 'Raunchy Comedy', 'Superhero', 'Time Travel', 'Action', 'Adventure', 'Comedy', 'Sci-Fi']"
Napoleon,"['Action Epic', 'Costume Drama', 'Docudrama', 'Epic', 'Historical Epic', 'Period Drama', 'War Epic', 'Action', 'Adventure', 'Biography']"
A Quiet Place,"['Alien Invasion', 'Monster Horror', 'Drama', 'Horror', 'Sci-Fi']"
Hot Fuzz,"['Buddy Comedy', 'Parody', 'Action', 'Comedy', 'Mystery', 'Thriller']"
Willy Wonka & the Chocolate Factory,"['Classic Musical', 'Supernatural Fantasy', 'Adventure', 'Comedy', 'Family', 'Fantasy', 'Musical']"
Ant-Man and the Wasp: Quantumania,"['Superhero', 'Action', 'Adventure', 'Comedy', 'Sci-Fi']"
The Last Rodeo,['Drama']
12 Years a Slave,"['Costume Drama', 'Docudrama', 'Epic', 'Period Drama', 'Tragedy', 'Biography', 'Drama', 'History']"
Instant Family,"['Coming-of-Age', 'Comedy', 'Drama']"
Secretariat,"['Biography', 'Drama', 'Family', 'History', 'Sport']"
Rocky,"['Boxing', 'Drama', 'Sport']"
The Lion King,"['Adventure Epic', 'Animal Adventure', 'Coming-of-Age', 'Computer Animation', 'Adventure', 'Animation', 'Drama', 'Family', 'Fantasy', 'Musical']"
Tusk,"['Body Horror', 'Dark Comedy', 'Monster Horror', 'Psychological Horror', 'Tragedy', 'Comedy', 'Horror']"
The Flash,"['Superhero', 'Supernatural Fantasy', 'Time Travel', 'Action', 'Adventure', 'Fantasy', 'Sci-Fi']"
Black Mirror: Bandersnatch,"['Drama', 'Fantasy', 'Mystery', 'Sci-Fi', 'Thriller']"
"Girl, Interrupted","['Coming-of-Age', 'Docudrama', 'Medical Drama', 'Period Drama', 'Psychological Drama', 'Tragedy', 'Biography', 'Drama']"
Coyote Ugly,"['Romantic Comedy', 'Comedy', 'Drama', 'Music', 'Romance']"
Holes,"['Desert Adventure', 'Satire', 'Teen Adventure', 'Teen Drama', 'Adventure', 'Comedy', 'Drama', 'Family', 'Mystery']"
Hannibal,"['Psychological Drama', 'Psychological Thriller', 'Serial Killer', 'Crime', 'Drama', 'Thriller']"
Thirteen,"['Coming-of-Age', 'Teen Drama', 'Drama']"
The Dark Tower,"['Dark Fantasy', 'Action', 'Adventure', 'Fantasy', 'Sci-Fi', 'Western']"
The Descent,"['Monster Horror', 'Mountain Adventure', 'Psychological Thriller', 'Adventure', 'Horror', 'Thriller']"
Erin Brockovich,"['Docudrama', 'Legal Drama', 'Workplace Drama', 'Biography', 'Drama']"
Aladdin,"['Adventure Epic', 'Desert Adventure', 'Fairy Tale', 'Pop Musical', 'Adventure', 'Comedy', 'Family', 'Fantasy', 'Musical', 'Romance']"
X-Men: First Class,"['Superhero', 'Action', 'Sci-Fi']"
Man on Fire,"['Tragedy', 'Action', 'Crime', 'Drama', 'Thriller']"
Last Night in Soho,"['Giallo', 'Psychological Horror', 'Supernatural Horror', 'Teen Horror', 'Drama', 'Horror', 'Mystery', 'Thriller']"
The Fast and the Furious: Tokyo Drift,"['Car Action', 'Action', 'Crime', 'Thriller']"
Dirty Dancing,"['Coming-of-Age', 'Feel-Good Romance', 'Teen Romance', 'Drama', 'Music', 'Romance']"
La cocina,"['Dark Comedy', 'Psychological Drama', 'Drama', 'Romance', 'Thriller']"
"Monsters, Inc.","['Buddy Comedy', 'Computer Animation', 'Satire', 'Slapstick', 'Supernatural Fantasy', 'Urban Adventure', 'Adventure', 'Animation', 'Comedy', 'Family']"
Mr. & Mrs. Smith,"['High-Concept Comedy', 'Action', 'Comedy', 'Crime', 'Thriller']"
Blended,"['Feel-Good Romance', 'Romantic Comedy', 'Comedy', 'Romance']"
Death on the Nile,"['Whodunnit', 'Crime', 'Drama', 'Mystery']"
Not Another Teen Movie,"['Parody', 'Raunchy Comedy', 'Teen Comedy', 'Comedy']"
Fly Me to the Moon,"['Romantic Comedy', 'Comedy', 'Romance']"
9 Songs,"['Coming-of-Age', 'Steamy Romance', 'Drama', 'Music', 'Romance']"
Peter Pan's Neverland Nightmare,"['B-Horror', 'Slasher Horror', 'Suspense Mystery', 'Horror', 'Mystery', 'Thriller']"
World War Z,"['Disaster', 'Globetrotting Adventure', 'Zombie Horror', 'Action', 'Adventure', 'Horror', 'Sci-Fi']"
The Watchers,"['Supernatural Horror', 'Suspense Mystery', 'Fantasy', 'Horror', 'Mystery', 'Thriller']"
Drive-Away Dolls,"['Buddy Comedy', 'Quirky Comedy', 'Road Trip', 'Action', 'Comedy', 'Thriller']"
Priscilla,"['Coming-of-Age', 'Dark Romance', 'Docudrama', 'Period Drama', 'Showbiz Drama', 'Teen Romance', 'Biography', 'Drama', 'Music', 'Romance']"
The Ritual,"['Folk Horror', 'Monster Horror', 'Horror', 'Mystery', 'Thriller']"
Shame,"['Psychological Drama', 'Drama']"
The King,"['Historical Epic', 'Period Drama', 'War Epic', 'Biography', 'Drama', 'History', 'Romance', 'War']"
Nocturnal Animals,"['Psychological Thriller', 'Tragedy', 'Drama', 'Thriller']"
The Prince of Egypt,"['Adventure Epic', 'Desert Adventure', 'Hand-Drawn Animation', 'Adventure', 'Animation', 'Drama', 'Family', 'Fantasy', 'Musical']"
Purple Hearts,"['Feel-Good Romance', 'Drama', 'Music', 'Romance']"
Bring Them Down,"['Psychological Thriller', 'Drama', 'Thriller']"
Licorice Pizza,"['Coming-of-Age', 'Feel-Good Romance', 'Period Drama', 'Romantic Comedy', 'Showbiz Drama', 'Teen Comedy', 'Teen Drama', 'Teen Romance', 'Comedy', 'Drama']"
Murder on the Orient Express,"['Whodunnit', 'Crime', 'Drama', 'Mystery', 'Thriller']"
La Dolce Villa,"['Romantic Comedy', 'Comedy', 'Romance']"
Perfect Blue,"['Adult Animation', 'Anime', 'Cop Drama', 'Erotic Thriller', 'Hand-Drawn Animation', 'Hard-boiled Detective', 'Legal Drama', 'Legal Thriller', 'Police Procedural', 'Psychological Thriller']"
The Banshees of Inisherin,"['Dark Comedy', 'Period Drama', 'Psychological Drama', 'Tragedy', 'Comedy', 'Drama']"
The Bourne Identity,"['One-Person Army Action', 'Political Thriller', 'Psychological Thriller', 'Spy', 'Suspense Mystery', 'Action', 'Mystery', 'Thriller']"
The Curious Case of Benjamin Button,"['Epic', 'Period Drama', 'Romantic Epic', 'Drama', 'Fantasy', 'Romance']"
The Perfect Storm,"['Disaster', 'Docudrama', 'Sea Adventure', 'Survival', 'Action', 'Adventure', 'Drama', 'Thriller']"
Tinker Tailor Soldier Spy,"['Spy', 'Drama', 'Mystery', 'Thriller']"
King Kong,"['Adventure Epic', 'Dark Romance', 'Dinosaur Adventure', 'Globetrotting Adventure', 'Jungle Adventure', 'Period Drama', 'Psychological Drama', 'Tragedy', 'Urban Adventure', 'Action']"
"Husband, Father, Killer: The Alyssa Pladl Story",['Drama']
Godzilla x Kong: The New Empire,"['Action Epic', 'Dinosaur Adventure', 'Disaster', 'Globetrotting Adventure', 'Kaiju', 'Supernatural Fantasy', 'Action', 'Adventure', 'Fantasy', 'Sci-Fi']"
