Title,Runtime
Sinners,2h 17m
Havoc,1h 47m
Another Simple Favor,2h
The Accountant 2,2h 12m
Conclave,2h
Exterritorial,1h 49m
A Minecraft Movie,1h 41m
Until Dawn,1h 43m
Drop,1h 35m
Death of a Unicorn,1h 47m
A Simple Favor,1h 57m
Weapons,2h 8m
Warfare,1h 35m
The Accountant,2h 8m
Snow White,1h 49m
Companion,1h 37m
Raid 2,
Black Bag,1h 33m
Ash,1h 35m
Babygirl,1h 54m
The Amateur,2h 2m
Mickey 17,2h 17m
Mission: Impossible - The Final Reckoning,2h 49m
Star Wars: Episode III - Revenge of the Sith,2h 20m
Anora,2h 19m
Final Destination: Bloodlines,1h 50m
Rust,2h 19m
Freaky Tales,1h 47m
The Four Seasons,1h 47m
Captain America: Brave New World,1h 58m
A Working Man,1h 56m
A Complete Unknown,2h 21m
Gladiator II,2h 28m
Nosferatu,2h 12m
The Substance,2h 21m
Bullet Train Explosion,2h 14m
iHostage,1h 40m
Neighborhood Watch,1h 32m
Heretic,1h 51m
The Monkey,1h 38m
The Surfer,1h 40m
Locked,1h 35m
Winter Spring Summer or Fall,1h 37m
The Gorge,2h 7m
Gladiator,2h 35m
Novocaine,1h 50m
Pride & Prejudice,2h 9m
The Life List,2h 3m
Rogue One: A Star Wars Story,2h 13m
28 Years Later,
Together,1h 42m
The Shawshank Redemption,2h 22m
G20,1h 48m
Jewel Thief: The Heist Begins,
The Order,1h 56m
Last Breath,1h 33m
The Electric State,2h 5m
Lilo & Stitch,1h 48m
Now You See Me,1h 55m
Den of Thieves: Pantera,2h 24m
How to Train Your Dragon,2h 5m
Oppenheimer,3h
The Friend,1h 59m
Wicked,2h 40m
The King of Kings,1h 43m
The Brutalist,3h 36m
Cleaner,1h 37m
Interstellar,2h 49m
The Godfather,2h 55m
Barbarian,1h 42m
Black Widow,2h 14m
The Penguin Lessons,1h 51m
From the World of John Wick: Ballerina,
Twisters,2h 2m
The Two Popes,2h 5m
Once Upon a Time... in Hollywood,2h 41m
Top Gun: Maverick,2h 10m
Mufasa: The Lion King,1h 58m
Salvable,1h 41m
The Legend of Ochi,1h 35m
Kesari Chapter 2: The Untold Story of Jallianwala Bagh,
Tombstone,2h 10m
Kraven the Hunter,2h 7m
The Commitments,1h 58m
Deadpool & Wolverine,2h 8m
The Dark Knight,2h 32m
Trap,1h 45m
Inception,2h 28m
Karate Kid: Legends,
Deep Cover,1h 49m
A Real Pain,1h 30m
Speak No Evil,1h 50m
Love,2h 15m
Jurassic World Rebirth,2h 14m
Star Wars: Episode IV - A New Hope,2h 1m
Fear Street: Prom Queen,1h 28m
Den of Thieves,2h 20m
Mission: Impossible - Dead Reckoning Part One,2h 43m
Inglourious Basterds,2h 33m
Alien: Romulus,1h 59m
Harry Potter and the Sorcerer's Stone,2h 32m
Titanic,3h 14m
Pulp Fiction,2h 34m
The Wild Robot,1h 42m
Lolita,2h 17m
Mysterious Island,1h 41m
The Lord of the Rings: The Fellowship of the Ring,2h 58m
Final Destination,1h 38m
Virgin Territory,1h 37m
Now You See Me 2,2h 9m
The Wolf of Wall Street,3h
Star Wars: Episode I - The Phantom Menace,2h 16m
Dune: Part Two,2h 46m
Avengers: Endgame,3h 1m
The Hunger Games,2h 22m
The Bhootnii,
Heat,2h 50m
The Truman Show,1h 43m
Retro,
Fight or Flight,1h 37m
Flow,1h 25m
The Alto Knights,2h 3m
Screamboat,1h 42m
The Woman in the Yard,1h 28m
Moana 2,1h 40m
The Ugly Stepsister,
Sonic the Hedgehog 3,1h 50m
X,1h 45m
Wolf Man,1h 43m
Fight Club,2h 19m
In the Lost Lands,1h 41m
The Silence of the Lambs,1h 58m
No Hard Feelings,1h 43m
The Hunger Games: The Ballad of Songbirds & Snakes,2h 37m
"Sorry, Baby",1h 43m
Parasite,2h 12m
Schindler's List,3h 15m
Fountain of Youth,2h 5m
Midsommar,2h 28m
Civil War,1h 49m
Goodfellas,2h 25m
Smile 2,2h 7m
Parthenope,2h 17m
Clown in a Cornfield,1h 36m
Dazed and Confused,1h 43m
Se7en,2h 7m
I'm Still Here,2h 17m
The Life of Chuck,1h 50m
The Princess Bride,1h 38m
Primal Fear,2h 9m
Magazine Dreams,2h 3m
Anyone But You,1h 43m
28 Days Later,1h 53m
Forrest Gump,2h 22m
Longlegs,1h 41m
Poor Things,2h 21m
It Ends with Us,2h 10m
The Phoenician Scheme,1h 41m
The Ministry of Ungentlemanly Warfare,2h 2m
We Live in Time,1h 48m
The Shrouds,2h
365 Days,1h 54m
The Prestige,2h 10m
The Return,1h 56m
Jurassic Park,2h 7m
Mission: Impossible,1h 50m
On Swift Horses,1h 59m
Fifty Shades of Grey,2h 5m
The Batman,2h 56m
The Dark Knight Rises,2h 44m
Superboys of Malegaon,2h 7m
Friendship,1h 40m
Raiders of the Lost Ark,1h 55m
Jaat,
Django Unchained,2h 45m
Venom: The Last Dance,1h 50m
Spider-Man: Across the Spider-Verse,2h 20m
From Dusk Till Dawn,1h 48m
Heart Eyes,1h 37m
The Matrix,2h 16m
American Pie,1h 35m
Batman Begins,2h 20m
The Departed,2h 31m
The Gentlemen,1h 53m
Twilight,2h 2m
,
HIT: The 3rd Case,
Prey,1h 40m
The Apprentice,2h 2m
Holland,1h 50m
Juror #2,1h 54m
Gone Girl,2h 29m
Borbaad,
Back to the Future,1h 56m
Grease,1h 50m
The Goonies,1h 54m
The Assessment,1h 54m
Furiosa: A Mad Max Saga,2h 28m
Blade Runner 2049,2h 44m
Whiplash,1h 46m
Requiem for a Dream,1h 42m
Star Wars: Episode II - Attack of the Clones,2h 22m
The Passion of the Christ,2h 7m
Alien,1h 57m
Léon: The Professional,1h 50m
Adult Best Friends,
The Notebook,2h 3m
Good Will Hunting,2h 6m
No Country for Old Men,2h 2m
Spider-Man: No Way Home,2h 28m
Matilda,1h 38m
Wrath of Man,1h 59m
Blink Twice,1h 42m
Flight Risk,1h 31m
Hell of a Summer,1h 28m
Leave the World Behind,2h 18m
Thudarum,
All Ladies Do It,1h 37m
Strange Darling,1h 37m
Megalopolis,2h 18m
Pirates of the Caribbean: The Curse of the Black Pearl,2h 23m
Avengers: Infinity War,2h 29m
Donnie Darko,1h 53m
Prisoners,2h 33m
The Dreamers,1h 55m
Top Gun,1h 49m
Hurry Up Tomorrow,1h 45m
Paul,1h 44m
Barbie,1h 54m
Life or Something Like It,1h 43m
Scarface,2h 50m
Chhaava,
American Beauty,2h 2m
In Secret,1h 47m
Apocalypse Now,2h 27m
Kingdom of Heaven,2h 24m
All That Jazz,2h 3m
Oldboy,2h
The Count of Monte-Cristo,
Incendies,2h 11m
Predator: Killer of Killers,
Romeo + Juliet,2h
Nope,2h 10m
Star Wars: Episode V - The Empire Strikes Back,2h 4m
Mean Girls,1h 37m
Hereditary,2h 7m
Dune: Part One,2h 35m
Snatch,1h 42m
Azrael,1h 26m
My Fault: London,
Rosario,1h 28m
Deep Water,1h 55m
Crazxy,
Twister,1h 53m
Eternal Sunshine of the Spotless Mind,1h 48m
The Handmaiden,2h 25m
Small Things Like These,1h 38m
Paddington in Peru,1h 46m
The Beekeeper,1h 45m
Bullet Train,2h 7m
"Salò, or the 120 Days of Sodom",1h 57m
12 Angry Men,1h 36m
Materialists,1h 49m
John Wick,1h 41m
Pitch Perfect,1h 52m
Guardians of the Galaxy Vol. 3,2h 30m
Talk to Me,1h 35m
The Biggest Fan,1h 31m
Saving Private Ryan,2h 49m
"Crazy, Stupid, Love.",1h 58m
Murder at Yellowstone City,
Knives Out,2h 10m
Road House,2h 1m
Everything Everywhere All at Once,2h 19m
Eden,2h
MaXXXine,1h 43m
V for Vengeance,1h 26m
The Town,2h 5m
Guardians of the Galaxy,2h 1m
Eyes Wide Shut,2h 39m
Fall,1h 47m
The Breakfast Club,1h 37m
Tropic Thunder,1h 47m
The Green Mile,3h 9m
Get Out,1h 44m
Dog Man,1h 29m
Green Book,2h 10m
It,2h 15m
The Lord of the Rings: The Return of the King,3h 21m
10 Things I Hate About You,1h 37m
Bone Tomahawk,2h 12m
Carry-On,1h 59m
Kingsman: The Secret Service,2h 9m
The Fall Guy,2h 6m
Presence,1h 24m
Avatar: Fire and Ash,
Suicide Squad,2h 3m
John Wick: Chapter 4,2h 49m
Where the Crawdads Sing,2h 5m
How to Train Your Dragon,1h 38m
Ed Kemper,
Terminator 2: Judgment Day,2h 17m
Annihilation,1h 55m
Deep Impact,2h
Saturday Night,1h 49m
The Usual Suspects,1h 46m
Catch Me If You Can,2h 21m
Sin City,2h 4m
Sicario,2h 1m
Killers of the Flower Moon,3h 26m
Bring Her Back,1h 39m
"The Good, the Bad and the Ugly",2h 58m
Iron Man,2h 6m
Thor: Love and Thunder,1h 58m
Mad Max: Fury Road,2h
Queer,2h 17m
Taxi Driver,1h 54m
Dungeons & Dragons: Honor Among Thieves,2h 14m
Hit Man,1h 55m
Don't Worry Darling,2h 3m
Star Wars: Episode VI - Return of the Jedi,2h 11m
Irreversible,1h 37m
Star Wars: Episode VII - The Force Awakens,2h 18m
Scorned,1h 40m
Terrifier 3,2h 5m
Black Panther,2h 14m
Fast Times at Ridgemont High,1h 30m
Shutter Island,2h 18m
Past Lives,1h 45m
The Iron Claw,2h 12m
Abigail,1h 49m
Clueless,1h 37m
The Outsiders,1h 31m
The Man from Earth,1h 27m
It Feeds,
Jaws,2h 4m
City of God,2h 10m
Spirited Away,2h 4m
Day of Reckoning,1h 46m
Watchmen,2h 42m
Blade Runner,1h 57m
Spider-Man,2h 1m
Better Man,2h 15m
Teenage Mutant Ninja Turtles: The Rise of Leo,
The Godfather Part II,3h 22m
The Terminator,1h 47m
Subservience,1h 46m
Indiana Jones and the Last Crusade,2h 7m
There Will Be Blood,2h 38m
Shadow Force,1h 44m
The Help,2h 26m
Mission: Impossible - Fallout,2h 27m
Her,2h 6m
Memento,1h 53m
Ford v Ferrari,2h 32m
One Battle After Another,
Marching Powder,
Harry Potter and the Goblet of Fire,2h 37m
Back in Action,1h 54m
The Hunger Games: Catching Fire,2h 26m
Star Wars: Episode IX - The Rise of Skywalker,2h 21m
Aliens,2h 17m
Jurassic World Dominion,2h 27m
Havoc,1h 25m
One of Them Days,1h 37m
Y2K,1h 31m
Hell or High Water,1h 42m
The Northman,2h 17m
One Flew Over the Cuckoo's Nest,2h 13m
Legend,2h 12m
Casablanca,1h 42m
Elevation,1h 31m
Predator,1h 47m
Just Go with It,1h 57m
The Thing,1h 49m
The Menu,1h 47m
The Shining,2h 26m
Independence Day,2h 25m
Superbad,1h 53m
The Super Mario Bros. Movie,1h 32m
Arrival,1h 56m
I Know What You Did Last Summer,1h 41m
Final Destination 2,1h 30m
Borderlands,1h 41m
Oddity,1h 38m
Wolfs,1h 48m
There's Something About Mary,1h 59m
The Beach,1h 59m
The Equalizer,2h 12m
Full Metal Jacket,1h 56m
Mission: Impossible - Ghost Protocol,2h 12m
Mob Land,1h 52m
Eddington,
American History X,1h 59m
Bonjour Tristesse,1h 50m
Beetlejuice Beetlejuice,1h 45m
The Big Lebowski,1h 57m
The Big Short,2h 10m
Cars,1h 56m
The Bikeriders,1h 56m
Blue Is the Warmest Colour,3h
Eternals,2h 36m
Nymphomaniac: Vol. I,1h 57m
Baby Driver,1h 53m
The Sixth Sense,1h 47m
Atonement,2h 3m
The Avengers,2h 23m
Asteroid City,1h 45m
Ocean's Eleven,1h 56m
Mulholland Drive,2h 27m
Troy,2h 43m
American Sniper,2h 13m
Braveheart,2h 58m
Vanilla Sky,2h 16m
The Grand Budapest Hotel,1h 39m
Captain America: The First Avenger,2h 4m
Challengers,2h 11m
Mission: Impossible II,2h 3m
The Lion King,1h 28m
Crimes of the Future,1h 47m
The Suicide Squad,2h 12m
Babylon,3h 9m
Paprika,1h 39m
Kill Bill: Vol. 1,1h 51m
The Hangover,1h 40m
La La Land,2h 8m
Kindergarten Cop,1h 51m
28 Weeks Later,1h 40m
Operation Fortune: Ruse de Guerre,1h 54m
Dead Poets Society,2h 8m
Napoleon Dynamite,1h 36m
The Devil's Advocate,2h 24m
Happy Gilmore,1h 32m
Lee,1h 57m
Pearl,1h 43m
Airplane!,1h 28m
Homestead,1h 52m
Ready Player One,2h 20m
Ready or Not,1h 35m
Malena,1h 48m
The Heartbreak Kid,1h 56m
Stand by Me,1h 29m
Reservoir Dogs,1h 39m
Star Trek: Section 31,1h 35m
Jumanji,1h 44m
Saltburn,2h 11m
Mission: Impossible III,2h 6m
Alita: Battle Angel,2h 2m
Culpa Mía,1h 57m
The Room Next Door,1h 47m
Manchester by the Sea,2h 17m
Court - State Vs. A Nobody,
The Equalizer 3,1h 49m
War of the Worlds,1h 57m
The Raid: Redemption,1h 41m
Almost Famous,2h 2m
The Fifth Element,2h 6m
Transformers,2h 24m
Black Panther: Wakanda Forever,2h 41m
Woman of the Hour,1h 35m
Tron: Legacy,2h 5m
Madame Web,1h 56m
Totally Killer,1h 46m
Smile,1h 55m
Harry Potter and the Deathly Hallows: Part 2,2h 10m
Interview with the Vampire,2h 3m
Final Destination 3,1h 33m
Black Swan,1h 48m
Constantine,2h 1m
Little Women,2h 15m
Idiocracy,1h 24m
Red Eye,1h 25m
Megan Is Missing,1h 25m
Nobody,1h 32m
Joker,2h 2m
The Karate Kid,2h 6m
Indiana Jones and the Temple of Doom,1h 58m
The Girl Next Door,1h 49m
1917,1h 59m
Grown Ups,1h 42m
The Voyeurs,1h 56m
Death Becomes Her,1h 44m
Avatar,2h 42m
Legally Blonde,1h 36m
EuroTrip,1h 32m
Fargo,1h 38m
Stargate,1h 56m
The Mummy,2h 4m
Dora and the Lost City of Gold,1h 42m
Clue,1h 34m
Once Upon a Time in America,3h 49m
The Gift,1h 48m
Rush,2h 3m
Avatar: The Way of Water,3h 12m
The Final Destination,1h 22m
Rebel Ridge,2h 11m
Bridget Jones: Mad About the Boy,2h 4m
The Comeback Trail,1h 44m
The Hateful Eight,2h 48m
2001: A Space Odyssey,2h 29m
The Covenant,2h 3m
True Grit,1h 50m
Memories of Murder,2h 12m
Tenet,2h 30m
Indiana Jones and the Dial of Destiny,2h 34m
Divergent,2h 19m
Hallow Road,
The Smashing Machine,1h 33m
Fruitvale Station,1h 25m
A Time to Kill,2h 29m
Prometheus,2h 4m
Casino,2h 58m
Joker: Folie à Deux,2h 18m
Uncle Buck,1h 40m
Unforgiven,2h 10m
Willow,2h 6m
Me Before You,1h 50m
500 Days of Summer,1h 35m
Scream,1h 51m
Us,1h 56m
The Secret Life of Walter Mitty,1h 54m
Mr. Nobody,2h 21m
Lilo & Stitch,1h 25m
Fast X,2h 21m
Frewaka,
Life Is Beautiful,1h 56m
Good Bad Ugly,
Knock Knock,1h 39m
Deadpool,1h 48m
Warrior,2h 20m
Final Destination 5,1h 32m
Promising Young Woman,1h 53m
Come and See,2h 22m
Downfall,2h 36m
Kingsman: The Golden Circle,2h 21m
Angels & Demons,2h 18m
Train to Busan,1h 58m
Brokeback Mountain,2h 14m
2073,1h 25m
Basic Instinct,2h 7m
The Great Gatsby,2h 23m
Zodiac,2h 37m
RoboCop,1h 42m
Kinds of Kindness,2h 44m
The Raid 2,2h 30m
Grown Ups 2,1h 41m
Pan's Labyrinth,1h 58m
The Intouchables,1h 52m
The Blue Lagoon,1h 44m
Minority Report,2h 25m
Apocalypto,2h 19m
A Different Man,1h 52m
Mamma Mia!,1h 48m
Glass Onion,2h 19m
Wind River,1h 47m
Costao,
Black Hawk Down,2h 24m
Love & Other Drugs,1h 52m
Homefront,1h 40m
About Time,2h 3m
Sisters,1h 58m
300,1h 57m
Starship Troopers,2h 9m
The Equalizer 2,2h 1m
Sneaks,1h 33m
The Conjuring,1h 52m
Captain America: The Winter Soldier,2h 16m
Love Hurts,1h 23m
"The Chronicles of Narnia: The Lion, the Witch and the Wardrobe",2h 23m
Home Alone,1h 43m
Jumanji: Welcome to the Jungle,1h 59m
A Clockwork Orange,2h 16m
Dunkirk,1h 46m
Alarum,1h 35m
We're the Millers,1h 50m
Drive,1h 40m
The Unholy Trinity,
Love Lies Bleeding,1h 44m
The Witch,1h 32m
A Knight's Tale,2h 12m
The Place Beyond the Pines,2h 20m
Transformers One,1h 44m
The Fugitive,2h 10m
21 Jump Street,1h 49m
Spider-Man: Into the Spider-Verse,1h 57m
Monty Python and the Holy Grail,1h 31m
Sixteen Candles,1h 33m
Platoon,2h
The Lord of the Rings: The Two Towers,2h 59m
Amadeus,2h 40m
"Three Billboards Outside Ebbing, Missouri",1h 55m
Mob Cops,1h 27m
The Hobbit: An Unexpected Journey,2h 49m
Point Break,2h 2m
Five Nights at Freddy's,1h 49m
Hacksaw Ridge,2h 19m
The Rose of Versailles,1h 53m
Inside Out 2,1h 36m
The Age of Adaline,1h 52m
Ratatouille,1h 51m
Thor: Ragnarok,2h 10m
Shallow Hal,1h 54m
Star Wars: Episode VIII - The Last Jedi,2h 32m
Landmine Goes Click,1h 45m
Jurassic World,2h 4m
Harry Potter and the Prisoner of Azkaban,2h 22m
Call Me by Your Name,2h 12m
The Game,2h 9m
Hidden Figures,2h 7m
Split,1h 57m
Y tu mamá también,
Martyrs,1h 39m
Here,1h 44m
If Only,1h 32m
Stardust,2h 7m
Popeye: The Slayer Man,1h 28m
Gunslingers,1h 44m
Unfaithful,2h 4m
Secretary,1h 47m
True Romance,1h 59m
Edge of Tomorrow,1h 53m
Total Recall,1h 53m
I Spit on Your Grave,1h 48m
Ex Machina,1h 48m
The Toxic Avenger,1h 42m
Once Upon a Time in the West,2h 46m
No Time to Die,2h 43m
Superman,2h 23m
The Ballad of Wallis Island,1h 39m
The Hunt,1h 55m
The Rule of Jenny Pen,1h 44m
Mission: Impossible - Rogue Nation,2h 11m
Horizon: An American Saga - Chapter 1,3h 1m
Sing,1h 48m
The Pianist,2h 30m
Creed,2h 13m
Grave of the Fireflies,1h 28m
Charlie and the Chocolate Factory,1h 55m
The Sound of Music,2h 52m
The Martian,2h 24m
Despicable Me 4,1h 34m
Old School,1h 28m
White Chicks,1h 49m
The Girl with the Dragon Tattoo,2h 38m
Terminator: Dark Fate,2h 8m
Kids,1h 31m
The Revenant,2h 36m
The Family I Had,
The Predator,1h 47m
Poltergeist,1h 54m
Lie with Me,1h 33m
Juliet & Romeo,2h 1m
Only the Brave,2h 14m
Wrong Turn,1h 24m
The Wedding Banquet,1h 43m
A Beautiful Mind,2h 15m
Mid90s,1h 25m
September 5,1h 35m
Fury,2h 14m
The Perks of Being a Wallflower,1h 43m
Anatomy of a Fall,2h 31m
Notting Hill,2h 4m
Don't Look Up,2h 18m
Free Guy,1h 55m
Sisu,1h 31m
Avengers: Age of Ultron,2h 21m
The General's Daughter,1h 56m
Moana,1h 47m
The Last Showgirl,1h 28m
Your Name.,
Home Sweet Home: Rebirth,
Harry Potter and the Chamber of Secrets,2h 41m
Moneyball,2h 13m
A Dog's Way Home,1h 36m
Return to Silent Hill,
Die Alone,1h 30m
Scary Movie,1h 28m
Deva,
Princess Mononoke,2h 13m
Perfect Days,2h 4m
Friday,1h 31m
The Greatest Showman,1h 45m
Nonnas,1h 51m
Uncut Gems,2h 15m
Blue Velvet,2h
Ferris Bueller's Day Off,1h 43m
"Good Luck to You, Leo Grande",1h 37m
You're Cordially Invited,1h 49m
Harry Potter and the Order of the Phoenix,2h 18m
I Saw the TV Glow,1h 40m
Armageddon,2h 31m
Psycho,1h 49m
Wonka,1h 56m
Men in Black,1h 38m
The Da Vinci Code,2h 29m
The Wizard of Oz,1h 42m
Chronicle,1h 24m
School of Rock,1h 49m
Bridge to Terabithia,1h 36m
Ghosted,1h 56m
Thor,1h 55m
Trainspotting,1h 33m
The Human Centipede (First Sequence),1h 32m
Tremors,1h 36m
The Irishman,3h 29m
Terrifier,1h 25m
Aftersun,1h 42m
Veera Dheera Sooran: Part 2,
Runaway Jury,2h 7m
The Hill,2h 6m
The Little Mermaid,2h 15m
Captain America: Civil War,2h 27m
Cruel Intentions,1h 37m
The Faculty,1h 44m
It's a Mad Mad Mad Mad World,3h 30m
The Salt Path,
The Idea of You,1h 55m
Shrek,1h 30m
Lucky Baskhar,
The Cabin in the Woods,1h 35m
The Last Stop in Yuma County,1h 30m
The Gray Man,2h 2m
The Marvels,1h 45m
Ne Zha 2,2h 23m
Cheech & Chong's Last Movie,2h
The Exorcist,2h 2m
Children of Men,1h 49m
Eden Lake,1h 31m
Shang-Chi and the Legend of the Ten Rings,2h 12m
Amélie,2h 2m
Jojo Rabbit,1h 48m
Into the Wild,2h 28m
The Ritual,
Nickel Boys,2h 20m
Draft Day,1h 50m
Dracula,2h 8m
Meet Joe Black,2h 58m
Black Adam,2h 5m
Desire,1h 43m
Uncharted,1h 56m
Palm Springs,1h 30m
Kung Fu Panda,1h 32m
The Social Network,2h
Office Space,1h 29m
The Tomorrow War,2h 18m
A Serbian Film,1h 44m
Fresh,1h 54m
Salem's Lot,1h 54m
The Holdovers,2h 13m
Boogie Nights,2h 35m
Pretty Woman,1h 59m
Doctor Strange in the Multiverse of Madness,2h 6m
The Mask,1h 41m
The Incredible Hulk,1h 52m
The Sandlot,1h 41m
Booksmart,1h 42m
The Expendables 4,1h 43m
The Zone of Interest,1h 45m
V for Vendetta,2h 12m
Scent of a Woman,2h 36m
Beetlejuice,1h 32m
Passengers,1h 56m
Carrie,1h 38m
Marked Men,1h 33m
The Fast and the Furious,1h 46m
The Virgin Suicides,1h 37m
Sing Sing,1h 47m
The Whale,1h 57m
The Naked Gun: From the Files of Police Squad!,1h 25m
The Hunt,1h 30m
Lucy,1h 29m
In a Violent Nature,1h 34m
Casino Royale,2h 24m
Predestination,1h 37m
Easy A,1h 32m
Sacramento,1h 29m
The Last Voyage of the Demeter,1h 58m
My Cousin Vinny,2h
Howl's Moving Castle,1h 59m
The Devil Wears Prada,1h 49m
Bad Boys: Ride or Die,1h 55m
Spaceballs,1h 36m
Emmanuelle,
Solo: A Star Wars Story,2h 15m
Venom,1h 52m
Beauty and the Beast,2h 9m
Love Actually,2h 15m
All Quiet on the Western Front,2h 28m
The Lighthouse,1h 49m
E.T. the Extra-Terrestrial,1h 55m
Alien: Covenant,2h 2m
Zootopia,1h 48m
Gangs of New York,2h 47m
The Day the Earth Blew Up: A Looney Tunes Movie,1h 31m
Sicario: Day of the Soldado,2h 2m
A Few Good Men,2h 18m
M3GAN,1h 42m
Police Academy,1h 36m
The Six Triple Eight,2h 7m
Nightcrawler,1h 57m
The Imitation Game,1h 54m
The Lives of Others,2h 17m
All of Us Strangers,1h 45m
The Last Duel,2h 32m
Jack Reacher,2h 10m
The Killer,1h 58m
The Incredibles,1h 55m
Borderline,1h 34m
Les Misérables,2h 38m
Scott Pilgrim vs. the World,1h 52m
Dune,2h 17m
My Old Ass,1h 29m
The Deer Hunter,3h 3m
Fantastic Four,1h 46m
Baywatch,1h 56m
X-Men,1h 44m
Die Hard,2h 12m
Speed,1h 56m
Late Night with the Devil,1h 33m
The Last of the Mohicans,1h 52m
Spotlight,2h 9m
Dead Mail,
The Boy and the Heron,2h 4m
L.A. Confidential,2h 18m
Shazam! Fury of the Gods,2h 10m
Ant-Man and the Wasp,1h 58m
Triangle of Sadness,2h 27m
West Side Story,2h 36m
Bad Times at the El Royale,2h 21m
Argylle,2h 19m
Training Day,2h 2m
Summer of 69,
The Patriot,2h 45m
MadS,1h 29m
Crazy Rich Asians,2h
Hot Tub Time Machine,1h 39m
3 Idiots,2h 50m
Logan,2h 17m
Coco,1h 45m
Emilia Pérez,2h 12m
Toy Story,1h 21m
Survive,
The King's Man,2h 11m
For Your Eyes Only,2h 7m
The Nice Guys,1h 56m
The Maze Runner,1h 53m
Caddo Lake,1h 43m
Coherence,1h 29m
The Lost World: Jurassic Park,2h 9m
Spider-Man: Homecoming,2h 13m
,
Shooter,2h 4m
Ghostbusters,1h 45m
How to Make Millions Before Grandma Dies,2h 5m
Bring It On,1h 38m
Event Horizon,1h 36m
Transformers: The Last Knight,2h 34m
Frozen,1h 42m
Good Boy,
The Lost Boys,1h 37m
After,1h 45m
Van Helsing,2h 11m
Puss in Boots: The Last Wish,1h 42m
The Wedding Singer,1h 37m
The Magnificent Seven,2h 12m
A Quiet Place: Day One,1h 39m
Psycho Therapy: The Shallow Tale of a Writer Who Decided to Write About a Serial Killer,
Taken,1h 30m
Man of Steel,2h 23m
Wifelike,1h 45m
Beautiful Boy,2h
IF,1h 44m
Sense and Sensibility,2h 16m
The Parent Trap,2h 8m
Finding Nemo,1h 40m
Iron Man 2,2h 4m
Cinderella,1h 45m
Kneecap,1h 45m
Little Miss Sunshine,1h 41m
Star Trek,2h 7m
Hook,2h 22m
2012,2h 38m
Harry Potter and the Deathly Hallows: Part 1,2h 26m
The Lord of the Rings: The War of the Rohirrim,2h 14m
Demolition,1h 41m
Fantastic Mr. Fox,1h 27m
Top Secret!,1h 30m
Jerry Maguire,2h 19m
Pirates of the Caribbean: Dead Men Tell No Tales,2h 9m
The Elephant Man,2h 4m
The Crow,1h 51m
Pirates of the Caribbean: Dead Man's Chest,2h 31m
Red One,2h 3m
Ground Zero,
Batman,2h 6m
Fantastic Four,1h 40m
Predators,1h 47m
Ted,1h 46m
Caveat,1h 28m
Hamilton,2h 40m
Oblivion,2h 4m
"Lock, Stock and Two Smoking Barrels",1h 47m
Weird Science,1h 34m
Fantastic Beasts and Where to Find Them,2h 12m
Pink Floyd: Live at Pompeii,1h 32m
In Time,1h 49m
Contagion,1h 46m
Raid,2h 2m
Inside Man,2h 9m
Rain Man,2h 13m
Cast Away,2h 23m
Lost in Translation,1h 42m
Red Sparrow,2h 20m
Kingdom of the Planet of the Apes,2h 25m
WALL·E,1h 38m
Pale Rider,1h 55m
Iron Man 3,2h 10m
The Old Guard 2,1h 45m
Saw,1h 43m
The Rocky Horror Picture Show,1h 40m
The Rock,2h 16m
Death Proof,2h 7m
Mystic River,2h 18m
Opus,1h 44m
Geostorm,1h 51m
Dogma,2h 10m
Underwater,1h 35m
13 Hours: The Secret Soldiers of Benghazi,2h 24m
Margin Call,1h 47m
Zack Snyder's Justice League,4h 2m
Gone with the Wind,3h 58m
Nightbitch,1h 39m
It's What's Inside,1h 43m
The Abyss,2h 20m
Tangled,1h 40m
The 40-Year-Old Virgin,1h 56m
Wedding Crashers,1h 59m
Ben-Hur,3h 32m
Deadpool 2,1h 59m
Napoleon,2h 38m
A Quiet Place,1h 30m
Hot Fuzz,2h 1m
Willy Wonka & the Chocolate Factory,1h 40m
Ant-Man and the Wasp: Quantumania,2h 4m
The Last Rodeo,1h 58m
12 Years a Slave,2h 14m
Instant Family,1h 58m
Secretariat,2h 3m
Rocky,2h
The Lion King,1h 58m
Tusk,1h 42m
The Flash,2h 24m
Black Mirror: Bandersnatch,1h 30m
"Girl, Interrupted",2h 7m
Coyote Ugly,1h 40m
Holes,1h 57m
Hannibal,2h 11m
Thirteen,1h 40m
The Dark Tower,1h 35m
The Descent,1h 39m
Erin Brockovich,2h 11m
Aladdin,2h 8m
X-Men: First Class,2h 11m
Man on Fire,2h 26m
Last Night in Soho,1h 56m
The Fast and the Furious: Tokyo Drift,1h 44m
Dirty Dancing,1h 40m
La cocina,2h 19m
"Monsters, Inc.",1h 32m
Mr. & Mrs. Smith,2h
Blended,1h 57m
Death on the Nile,2h 7m
Not Another Teen Movie,1h 29m
Fly Me to the Moon,2h 12m
9 Songs,1h 11m
Peter Pan's Neverland Nightmare,1h 29m
World War Z,1h 56m
The Watchers,1h 42m
Drive-Away Dolls,1h 24m
Priscilla,1h 53m
The Ritual,1h 34m
Shame,1h 41m
The King,2h 20m
Nocturnal Animals,1h 56m
The Prince of Egypt,1h 39m
Purple Hearts,2h 2m
Bring Them Down,1h 46m
Licorice Pizza,2h 13m
Murder on the Orient Express,1h 54m
La Dolce Villa,1h 39m
Perfect Blue,1h 21m
The Banshees of Inisherin,1h 54m
The Bourne Identity,1h 59m
The Curious Case of Benjamin Button,2h 46m
The Perfect Storm,2h 10m
Tinker Tailor Soldier Spy,2h 7m
King Kong,3h 7m
"Husband, Father, Killer: The Alyssa Pladl Story",1h 27m
Godzilla x Kong: The New Empire,1h 55m
