Title,URL
Sinners,https://www.imdb.com/title/tt31193180/?ref_=sr_t_2
Havoc,https://www.imdb.com/title/tt14123284/?ref_=sr_t_3
Another Simple Favor,https://www.imdb.com/title/tt20214908/?ref_=sr_t_4
The Accountant 2,https://www.imdb.com/title/tt7068946/?ref_=sr_t_5
Conclave,https://www.imdb.com/title/tt20215234/?ref_=sr_t_6
Exterritorial,https://www.imdb.com/title/tt30876483/?ref_=sr_t_7
A Minecraft Movie,https://www.imdb.com/title/tt3566834/?ref_=sr_t_8
Until Dawn,https://www.imdb.com/title/tt30955489/?ref_=sr_t_9
Drop,https://www.imdb.com/title/tt32149847/?ref_=sr_t_10
Death of a Unicorn,https://www.imdb.com/title/tt28443655/?ref_=sr_t_11
A Simple Favor,https://www.imdb.com/title/tt7040874/?ref_=sr_t_12
Weapons,https://www.imdb.com/title/tt26581740/?ref_=sr_t_13
Warfare,https://www.imdb.com/title/tt31434639/?ref_=sr_t_14
The Accountant,https://www.imdb.com/title/tt2140479/?ref_=sr_t_15
Snow White,https://www.imdb.com/title/tt6208148/?ref_=sr_t_16
Companion,https://www.imdb.com/title/tt26584495/?ref_=sr_t_17
Raid 2,https://www.imdb.com/title/tt28089700/?ref_=sr_t_18
Black Bag,https://www.imdb.com/title/tt30988739/?ref_=sr_t_19
Ash,https://www.imdb.com/title/tt17489650/?ref_=sr_t_20
Babygirl,https://www.imdb.com/title/tt30057084/?ref_=sr_t_21
The Amateur,https://www.imdb.com/title/tt0899043/?ref_=sr_t_22
Mickey 17,https://www.imdb.com/title/tt12299608/?ref_=sr_t_23
Mission: Impossible - The Final Reckoning,https://www.imdb.com/title/tt9603208/?ref_=sr_t_24
Star Wars: Episode III - Revenge of the Sith,https://www.imdb.com/title/tt0121766/?ref_=sr_t_25
Anora,https://www.imdb.com/title/tt28607951/?ref_=sr_t_26
Final Destination: Bloodlines,https://www.imdb.com/title/tt9619824/?ref_=sr_t_27
Rust,https://www.imdb.com/title/tt11001074/?ref_=sr_t_28
Freaky Tales,https://www.imdb.com/title/tt21942598/?ref_=sr_t_29
The Four Seasons,https://www.imdb.com/title/tt0082405/?ref_=sr_t_30
Captain America: Brave New World,https://www.imdb.com/title/tt14513804/?ref_=sr_t_31
A Working Man,https://www.imdb.com/title/tt9150192/?ref_=sr_t_32
A Complete Unknown,https://www.imdb.com/title/tt11563598/?ref_=sr_t_33
Gladiator II,https://www.imdb.com/title/tt9218128/?ref_=sr_t_34
Nosferatu,https://www.imdb.com/title/tt5040012/?ref_=sr_t_35
The Substance,https://www.imdb.com/title/tt17526714/?ref_=sr_t_36
Bullet Train Explosion,https://www.imdb.com/title/tt33452974/?ref_=sr_t_37
iHostage,https://www.imdb.com/title/tt31181421/?ref_=sr_t_38
Neighborhood Watch,https://www.imdb.com/title/tt1714918/?ref_=sr_t_39
Heretic,https://www.imdb.com/title/tt28015403/?ref_=sr_t_40
The Monkey,https://www.imdb.com/title/tt27714946/?ref_=sr_t_41
The Surfer,https://www.imdb.com/title/tt27813235/?ref_=sr_t_42
Locked,https://www.imdb.com/title/tt26671996/?ref_=sr_t_43
Winter Spring Summer or Fall,https://www.imdb.com/title/tt24515124/?ref_=sr_t_44
The Gorge,https://www.imdb.com/title/tt13654226/?ref_=sr_t_45
Gladiator,https://www.imdb.com/title/tt0172495/?ref_=sr_t_46
Novocaine,https://www.imdb.com/title/tt29603959/?ref_=sr_t_47
Pride & Prejudice,https://www.imdb.com/title/tt0414387/?ref_=sr_t_48
The Life List,https://www.imdb.com/title/tt2172954/?ref_=sr_t_49
Rogue One: A Star Wars Story,https://www.imdb.com/title/tt3748528/?ref_=sr_t_50
28 Years Later,https://www.imdb.com/title/tt10548174/?ref_=sr_t_51
Together,https://www.imdb.com/title/tt31184028/?ref_=sr_t_52
The Shawshank Redemption,https://www.imdb.com/title/tt0111161/?ref_=sr_t_53
G20,https://www.imdb.com/title/tt23476986/?ref_=sr_t_54
Jewel Thief: The Heist Begins,https://www.imdb.com/title/tt27843798/?ref_=sr_t_55
The Order,https://www.imdb.com/title/tt26625693/?ref_=sr_t_56
Last Breath,https://www.imdb.com/title/tt14403504/?ref_=sr_t_57
The Electric State,https://www.imdb.com/title/tt7766378/?ref_=sr_t_58
Lilo & Stitch,https://www.imdb.com/title/tt11655566/?ref_=sr_t_59
Now You See Me,https://www.imdb.com/title/tt1670345/?ref_=sr_t_60
Den of Thieves: Pantera,https://www.imdb.com/title/tt8008948/?ref_=sr_t_61
How to Train Your Dragon,https://www.imdb.com/title/tt26743210/?ref_=sr_t_62
Oppenheimer,https://www.imdb.com/title/tt15398776/?ref_=sr_t_63
The Friend,https://www.imdb.com/title/tt18108824/?ref_=sr_t_64
Wicked,https://www.imdb.com/title/tt1262426/?ref_=sr_t_65
The King of Kings,https://www.imdb.com/title/tt7967302/?ref_=sr_t_66
The Brutalist,https://www.imdb.com/title/tt8999762/?ref_=sr_t_67
Cleaner,https://www.imdb.com/title/tt27812086/?ref_=sr_t_68
Interstellar,https://www.imdb.com/title/tt0816692/?ref_=sr_t_69
The Godfather,https://www.imdb.com/title/tt0068646/?ref_=sr_t_70
Barbarian,https://www.imdb.com/title/tt15791034/?ref_=sr_t_71
Black Widow,https://www.imdb.com/title/tt3480822/?ref_=sr_t_72
The Penguin Lessons,https://www.imdb.com/title/tt26677014/?ref_=sr_t_73
From the World of John Wick: Ballerina,https://www.imdb.com/title/tt7181546/?ref_=sr_t_74
Twisters,https://www.imdb.com/title/tt12584954/?ref_=sr_t_75
The Two Popes,https://www.imdb.com/title/tt8404614/?ref_=sr_t_76
Once Upon a Time... in Hollywood,https://www.imdb.com/title/tt7131622/?ref_=sr_t_77
Top Gun: Maverick,https://www.imdb.com/title/tt1745960/?ref_=sr_t_78
Mufasa: The Lion King,https://www.imdb.com/title/tt13186482/?ref_=sr_t_79
Salvable,https://www.imdb.com/title/tt31249107/?ref_=sr_t_80
The Legend of Ochi,https://www.imdb.com/title/tt8866456/?ref_=sr_t_81
Kesari Chapter 2: The Untold Story of Jallianwala Bagh,https://www.imdb.com/title/tt3562110/?ref_=sr_t_82
Tombstone,https://www.imdb.com/title/tt0108358/?ref_=sr_t_83
Kraven the Hunter,https://www.imdb.com/title/tt8790086/?ref_=sr_t_84
The Commitments,https://www.imdb.com/title/tt0101605/?ref_=sr_t_85
Deadpool & Wolverine,https://www.imdb.com/title/tt6263850/?ref_=sr_t_86
The Dark Knight,https://www.imdb.com/title/tt0468569/?ref_=sr_t_87
Trap,https://www.imdb.com/title/tt26753003/?ref_=sr_t_88
Inception,https://www.imdb.com/title/tt1375666/?ref_=sr_t_89
Karate Kid: Legends,https://www.imdb.com/title/tt1674782/?ref_=sr_t_90
Deep Cover,https://www.imdb.com/title/tt31121295/?ref_=sr_t_91
A Real Pain,https://www.imdb.com/title/tt21823606/?ref_=sr_t_92
Speak No Evil,https://www.imdb.com/title/tt27534307/?ref_=sr_t_93
Love,https://www.imdb.com/title/tt3774694/?ref_=sr_t_94
Jurassic World Rebirth,https://www.imdb.com/title/tt31036941/?ref_=sr_t_95
Star Wars: Episode IV - A New Hope,https://www.imdb.com/title/tt0076759/?ref_=sr_t_96
Fear Street: Prom Queen,https://www.imdb.com/title/tt31433402/?ref_=sr_t_97
Den of Thieves,https://www.imdb.com/title/tt1259528/?ref_=sr_t_98
Mission: Impossible - Dead Reckoning Part One,https://www.imdb.com/title/tt9603212/?ref_=sr_t_99
Inglourious Basterds,https://www.imdb.com/title/tt0361748/?ref_=sr_t_100
Alien: Romulus,https://www.imdb.com/title/tt18412256/?ref_=sr_t_101
Harry Potter and the Sorcerer's Stone,https://www.imdb.com/title/tt0241527/?ref_=sr_t_102
Titanic,https://www.imdb.com/title/tt0120338/?ref_=sr_t_103
Pulp Fiction,https://www.imdb.com/title/tt0110912/?ref_=sr_t_104
The Wild Robot,https://www.imdb.com/title/tt29623480/?ref_=sr_t_105
Lolita,https://www.imdb.com/title/tt0119558/?ref_=sr_t_106
Mysterious Island,https://www.imdb.com/title/tt0055207/?ref_=sr_t_107
The Lord of the Rings: The Fellowship of the Ring,https://www.imdb.com/title/tt0120737/?ref_=sr_t_108
Final Destination,https://www.imdb.com/title/tt0195714/?ref_=sr_t_109
Virgin Territory,https://www.imdb.com/title/tt0437954/?ref_=sr_t_110
Now You See Me 2,https://www.imdb.com/title/tt3110958/?ref_=sr_t_111
The Wolf of Wall Street,https://www.imdb.com/title/tt0993846/?ref_=sr_t_112
Star Wars: Episode I - The Phantom Menace,https://www.imdb.com/title/tt0120915/?ref_=sr_t_113
Dune: Part Two,https://www.imdb.com/title/tt15239678/?ref_=sr_t_114
Avengers: Endgame,https://www.imdb.com/title/tt4154796/?ref_=sr_t_115
The Hunger Games,https://www.imdb.com/title/tt1392170/?ref_=sr_t_116
The Bhootnii,https://www.imdb.com/title/tt27162102/?ref_=sr_t_117
Heat,https://www.imdb.com/title/tt0113277/?ref_=sr_t_118
The Truman Show,https://www.imdb.com/title/tt0120382/?ref_=sr_t_119
Retro,https://www.imdb.com/title/tt31945132/?ref_=sr_t_120
Fight or Flight,https://www.imdb.com/title/tt13652286/?ref_=sr_t_121
Flow,https://www.imdb.com/title/tt4772188/?ref_=sr_t_122
The Alto Knights,https://www.imdb.com/title/tt21815562/?ref_=sr_t_123
Screamboat,https://www.imdb.com/title/tt30766582/?ref_=sr_t_124
The Woman in the Yard,https://www.imdb.com/title/tt31314296/?ref_=sr_t_125
Moana 2,https://www.imdb.com/title/tt13622970/?ref_=sr_t_126
The Ugly Stepsister,https://www.imdb.com/title/tt29344903/?ref_=sr_t_127
Sonic the Hedgehog 3,https://www.imdb.com/title/tt18259086/?ref_=sr_t_128
X,https://www.imdb.com/title/tt13560574/?ref_=sr_t_129
Wolf Man,https://www.imdb.com/title/tt4216984/?ref_=sr_t_130
Fight Club,https://www.imdb.com/title/tt0137523/?ref_=sr_t_131
In the Lost Lands,https://www.imdb.com/title/tt4419684/?ref_=sr_t_132
The Silence of the Lambs,https://www.imdb.com/title/tt0102926/?ref_=sr_t_133
No Hard Feelings,https://www.imdb.com/title/tt15671028/?ref_=sr_t_134
The Hunger Games: The Ballad of Songbirds & Snakes,https://www.imdb.com/title/tt10545296/?ref_=sr_t_135
"Sorry, Baby",https://www.imdb.com/title/tt32843349/?ref_=sr_t_136
Parasite,https://www.imdb.com/title/tt6751668/?ref_=sr_t_137
Schindler's List,https://www.imdb.com/title/tt0108052/?ref_=sr_t_138
Fountain of Youth,https://www.imdb.com/title/tt27075958/?ref_=sr_t_139
Midsommar,https://www.imdb.com/title/tt8772262/?ref_=sr_t_140
Civil War,https://www.imdb.com/title/tt17279496/?ref_=sr_t_141
Goodfellas,https://www.imdb.com/title/tt0099685/?ref_=sr_t_142
Smile 2,https://www.imdb.com/title/tt29268110/?ref_=sr_t_143
Parthenope,https://www.imdb.com/title/tt23853982/?ref_=sr_t_144
Clown in a Cornfield,https://www.imdb.com/title/tt23060698/?ref_=sr_t_145
Dazed and Confused,https://www.imdb.com/title/tt0106677/?ref_=sr_t_146
Se7en,https://www.imdb.com/title/tt0114369/?ref_=sr_t_147
I'm Still Here,https://www.imdb.com/title/tt14961016/?ref_=sr_t_148
The Life of Chuck,https://www.imdb.com/title/tt12908150/?ref_=sr_t_149
The Princess Bride,https://www.imdb.com/title/tt0093779/?ref_=sr_t_150
Primal Fear,https://www.imdb.com/title/tt0117381/?ref_=sr_t_151
Magazine Dreams,https://www.imdb.com/title/tt13652142/?ref_=sr_t_152
Anyone But You,https://www.imdb.com/title/tt26047818/?ref_=sr_t_153
28 Days Later,https://www.imdb.com/title/tt0289043/?ref_=sr_t_154
Forrest Gump,https://www.imdb.com/title/tt0109830/?ref_=sr_t_155
Longlegs,https://www.imdb.com/title/tt23468450/?ref_=sr_t_156
Poor Things,https://www.imdb.com/title/tt14230458/?ref_=sr_t_157
It Ends with Us,https://www.imdb.com/title/tt10655524/?ref_=sr_t_158
The Phoenician Scheme,https://www.imdb.com/title/tt30840798/?ref_=sr_t_159
The Ministry of Ungentlemanly Warfare,https://www.imdb.com/title/tt5177120/?ref_=sr_t_160
We Live in Time,https://www.imdb.com/title/tt27131358/?ref_=sr_t_161
The Shrouds,https://www.imdb.com/title/tt20212786/?ref_=sr_t_162
365 Days,https://www.imdb.com/title/tt10886166/?ref_=sr_t_163
The Prestige,https://www.imdb.com/title/tt0482571/?ref_=sr_t_164
The Return,https://www.imdb.com/title/tt19861162/?ref_=sr_t_165
Jurassic Park,https://www.imdb.com/title/tt0107290/?ref_=sr_t_166
Mission: Impossible,https://www.imdb.com/title/tt0117060/?ref_=sr_t_167
On Swift Horses,https://www.imdb.com/title/tt15042300/?ref_=sr_t_168
Fifty Shades of Grey,https://www.imdb.com/title/tt2322441/?ref_=sr_t_169
The Batman,https://www.imdb.com/title/tt1877830/?ref_=sr_t_170
The Dark Knight Rises,https://www.imdb.com/title/tt1345836/?ref_=sr_t_171
Superboys of Malegaon,https://www.imdb.com/title/tt28007064/?ref_=sr_t_172
Friendship,https://www.imdb.com/title/tt30505698/?ref_=sr_t_173
Raiders of the Lost Ark,https://www.imdb.com/title/tt0082971/?ref_=sr_t_174
Jaat,https://www.imdb.com/title/tt32223398/?ref_=sr_t_175
Django Unchained,https://www.imdb.com/title/tt1853728/?ref_=sr_t_176
Venom: The Last Dance,https://www.imdb.com/title/tt16366836/?ref_=sr_t_177
Spider-Man: Across the Spider-Verse,https://www.imdb.com/title/tt9362722/?ref_=sr_t_178
From Dusk Till Dawn,https://www.imdb.com/title/tt0116367/?ref_=sr_t_179
Heart Eyes,https://www.imdb.com/title/tt32558992/?ref_=sr_t_180
The Matrix,https://www.imdb.com/title/tt0133093/?ref_=sr_t_181
American Pie,https://www.imdb.com/title/tt0163651/?ref_=sr_t_182
Batman Begins,https://www.imdb.com/title/tt0372784/?ref_=sr_t_183
The Departed,https://www.imdb.com/title/tt0407887/?ref_=sr_t_184
The Gentlemen,https://www.imdb.com/title/tt8367814/?ref_=sr_t_185
Twilight,https://www.imdb.com/title/tt1099212/?ref_=sr_t_186
,https://www.imdb.com/title/tt0144084/?ref_=sr_t_187
HIT: The 3rd Case,https://www.imdb.com/title/tt23804696/?ref_=sr_t_188
Prey,https://www.imdb.com/title/tt11866324/?ref_=sr_t_189
The Apprentice,https://www.imdb.com/title/tt8368368/?ref_=sr_t_190
Holland,https://www.imdb.com/title/tt3045628/?ref_=sr_t_191
Juror #2,https://www.imdb.com/title/tt27403986/?ref_=sr_t_192
Gone Girl,https://www.imdb.com/title/tt2267998/?ref_=sr_t_193
Borbaad,https://www.imdb.com/title/tt33305312/?ref_=sr_t_194
Back to the Future,https://www.imdb.com/title/tt0088763/?ref_=sr_t_195
Grease,https://www.imdb.com/title/tt0077631/?ref_=sr_t_196
The Goonies,https://www.imdb.com/title/tt0089218/?ref_=sr_t_197
The Assessment,https://www.imdb.com/title/tt32768323/?ref_=sr_t_198
Furiosa: A Mad Max Saga,https://www.imdb.com/title/tt12037194/?ref_=sr_t_199
Blade Runner 2049,https://www.imdb.com/title/tt1856101/?ref_=sr_t_200
Whiplash,https://www.imdb.com/title/tt2582802/?ref_=sr_t_201
Requiem for a Dream,https://www.imdb.com/title/tt0180093/?ref_=sr_t_202
Star Wars: Episode II - Attack of the Clones,https://www.imdb.com/title/tt0121765/?ref_=sr_t_203
The Passion of the Christ,https://www.imdb.com/title/tt0335345/?ref_=sr_t_204
Alien,https://www.imdb.com/title/tt0078748/?ref_=sr_t_205
Léon: The Professional,https://www.imdb.com/title/tt0110413/?ref_=sr_t_206
Adult Best Friends,https://www.imdb.com/title/tt31778094/?ref_=sr_t_207
The Notebook,https://www.imdb.com/title/tt0332280/?ref_=sr_t_208
Good Will Hunting,https://www.imdb.com/title/tt0119217/?ref_=sr_t_209
No Country for Old Men,https://www.imdb.com/title/tt0477348/?ref_=sr_t_210
Spider-Man: No Way Home,https://www.imdb.com/title/tt10872600/?ref_=sr_t_211
Matilda,https://www.imdb.com/title/tt0117008/?ref_=sr_t_212
Wrath of Man,https://www.imdb.com/title/tt11083552/?ref_=sr_t_213
Blink Twice,https://www.imdb.com/title/tt14858658/?ref_=sr_t_214
Flight Risk,https://www.imdb.com/title/tt10078772/?ref_=sr_t_215
Hell of a Summer,https://www.imdb.com/title/tt21267296/?ref_=sr_t_216
Leave the World Behind,https://www.imdb.com/title/tt12747748/?ref_=sr_t_217
Thudarum,https://www.imdb.com/title/tt31969600/?ref_=sr_t_218
All Ladies Do It,https://www.imdb.com/title/tt0104014/?ref_=sr_t_219
Strange Darling,https://www.imdb.com/title/tt22375054/?ref_=sr_t_220
Megalopolis,https://www.imdb.com/title/tt10128846/?ref_=sr_t_221
Pirates of the Caribbean: The Curse of the Black Pearl,https://www.imdb.com/title/tt0325980/?ref_=sr_t_222
Avengers: Infinity War,https://www.imdb.com/title/tt4154756/?ref_=sr_t_223
Donnie Darko,https://www.imdb.com/title/tt0246578/?ref_=sr_t_224
Prisoners,https://www.imdb.com/title/tt1392214/?ref_=sr_t_225
The Dreamers,https://www.imdb.com/title/tt0309987/?ref_=sr_t_226
Top Gun,https://www.imdb.com/title/tt0092099/?ref_=sr_t_227
Hurry Up Tomorrow,https://www.imdb.com/title/tt26927452/?ref_=sr_t_228
Paul,https://www.imdb.com/title/tt1092026/?ref_=sr_t_229
Barbie,https://www.imdb.com/title/tt1517268/?ref_=sr_t_230
Life or Something Like It,https://www.imdb.com/title/tt0282687/?ref_=sr_t_231
Scarface,https://www.imdb.com/title/tt0086250/?ref_=sr_t_232
Chhaava,https://www.imdb.com/title/tt27922706/?ref_=sr_t_233
American Beauty,https://www.imdb.com/title/tt0169547/?ref_=sr_t_234
In Secret,https://www.imdb.com/title/tt0409379/?ref_=sr_t_235
Apocalypse Now,https://www.imdb.com/title/tt0078788/?ref_=sr_t_236
Kingdom of Heaven,https://www.imdb.com/title/tt0320661/?ref_=sr_t_237
All That Jazz,https://www.imdb.com/title/tt0078754/?ref_=sr_t_238
Oldboy,https://www.imdb.com/title/tt0364569/?ref_=sr_t_239
The Count of Monte-Cristo,https://www.imdb.com/title/tt26446278/?ref_=sr_t_240
Incendies,https://www.imdb.com/title/tt1255953/?ref_=sr_t_241
Predator: Killer of Killers,https://www.imdb.com/title/tt36463894/?ref_=sr_t_242
Romeo + Juliet,https://www.imdb.com/title/tt0117509/?ref_=sr_t_243
Nope,https://www.imdb.com/title/tt10954984/?ref_=sr_t_244
Star Wars: Episode V - The Empire Strikes Back,https://www.imdb.com/title/tt0080684/?ref_=sr_t_245
Mean Girls,https://www.imdb.com/title/tt0377092/?ref_=sr_t_246
Hereditary,https://www.imdb.com/title/tt7784604/?ref_=sr_t_247
Dune: Part One,https://www.imdb.com/title/tt1160419/?ref_=sr_t_248
Snatch,https://www.imdb.com/title/tt0208092/?ref_=sr_t_249
Azrael,https://www.imdb.com/title/tt22173666/?ref_=sr_t_250
My Fault: London,https://www.imdb.com/title/tt32434379/?ref_=sr_t_251
Rosario,https://www.imdb.com/title/tt27674700/?ref_=sr_t_252
Deep Water,https://www.imdb.com/title/tt2180339/?ref_=sr_t_253
Crazxy,https://www.imdb.com/title/tt30798612/?ref_=sr_t_254
Twister,https://www.imdb.com/title/tt0117998/?ref_=sr_t_255
Eternal Sunshine of the Spotless Mind,https://www.imdb.com/title/tt0338013/?ref_=sr_t_256
The Handmaiden,https://www.imdb.com/title/tt4016934/?ref_=sr_t_257
Small Things Like These,https://www.imdb.com/title/tt27196021/?ref_=sr_t_258
Paddington in Peru,https://www.imdb.com/title/tt5822536/?ref_=sr_t_259
The Beekeeper,https://www.imdb.com/title/tt15314262/?ref_=sr_t_260
Bullet Train,https://www.imdb.com/title/tt12593682/?ref_=sr_t_261
"Salò, or the 120 Days of Sodom",https://www.imdb.com/title/tt0073650/?ref_=sr_t_262
12 Angry Men,https://www.imdb.com/title/tt0050083/?ref_=sr_t_263
Materialists,https://www.imdb.com/title/tt30253473/?ref_=sr_t_264
John Wick,https://www.imdb.com/title/tt2911666/?ref_=sr_t_265
Pitch Perfect,https://www.imdb.com/title/tt1981677/?ref_=sr_t_266
Guardians of the Galaxy Vol. 3,https://www.imdb.com/title/tt6791350/?ref_=sr_t_267
Talk to Me,https://www.imdb.com/title/tt10638522/?ref_=sr_t_268
The Biggest Fan,https://www.imdb.com/title/tt31227132/?ref_=sr_t_269
Saving Private Ryan,https://www.imdb.com/title/tt0120815/?ref_=sr_t_270
"Crazy, Stupid, Love.",https://www.imdb.com/title/tt1570728/?ref_=sr_t_271
Murder at Yellowstone City,https://www.imdb.com/title/tt11552344/?ref_=sr_t_272
Knives Out,https://www.imdb.com/title/tt8946378/?ref_=sr_t_273
Road House,https://www.imdb.com/title/tt3359350/?ref_=sr_t_274
Everything Everywhere All at Once,https://www.imdb.com/title/tt6710474/?ref_=sr_t_275
Eden,https://www.imdb.com/title/tt23149780/?ref_=sr_t_276
MaXXXine,https://www.imdb.com/title/tt22048412/?ref_=sr_t_277
V for Vengeance,https://www.imdb.com/title/tt15745084/?ref_=sr_t_278
The Town,https://www.imdb.com/title/tt0840361/?ref_=sr_t_279
Guardians of the Galaxy,https://www.imdb.com/title/tt2015381/?ref_=sr_t_280
Eyes Wide Shut,https://www.imdb.com/title/tt0120663/?ref_=sr_t_281
Fall,https://www.imdb.com/title/tt15325794/?ref_=sr_t_282
The Breakfast Club,https://www.imdb.com/title/tt0088847/?ref_=sr_t_283
Tropic Thunder,https://www.imdb.com/title/tt0942385/?ref_=sr_t_284
The Green Mile,https://www.imdb.com/title/tt0120689/?ref_=sr_t_285
Get Out,https://www.imdb.com/title/tt5052448/?ref_=sr_t_286
Dog Man,https://www.imdb.com/title/tt10954718/?ref_=sr_t_287
Green Book,https://www.imdb.com/title/tt6966692/?ref_=sr_t_288
It,https://www.imdb.com/title/tt1396484/?ref_=sr_t_289
The Lord of the Rings: The Return of the King,https://www.imdb.com/title/tt0167260/?ref_=sr_t_290
10 Things I Hate About You,https://www.imdb.com/title/tt0147800/?ref_=sr_t_291
Bone Tomahawk,https://www.imdb.com/title/tt2494362/?ref_=sr_t_292
Carry-On,https://www.imdb.com/title/tt21382296/?ref_=sr_t_293
Kingsman: The Secret Service,https://www.imdb.com/title/tt2802144/?ref_=sr_t_294
The Fall Guy,https://www.imdb.com/title/tt1684562/?ref_=sr_t_295
Presence,https://www.imdb.com/title/tt28249919/?ref_=sr_t_296
Avatar: Fire and Ash,https://www.imdb.com/title/tt1757678/?ref_=sr_t_297
Suicide Squad,https://www.imdb.com/title/tt1386697/?ref_=sr_t_298
John Wick: Chapter 4,https://www.imdb.com/title/tt10366206/?ref_=sr_t_299
Where the Crawdads Sing,https://www.imdb.com/title/tt9411972/?ref_=sr_t_300
How to Train Your Dragon,https://www.imdb.com/title/tt0892769/?ref_=sr_t_301
Ed Kemper,https://www.imdb.com/title/tt31725949/?ref_=sr_t_302
Terminator 2: Judgment Day,https://www.imdb.com/title/tt0103064/?ref_=sr_t_303
Annihilation,https://www.imdb.com/title/tt2798920/?ref_=sr_t_304
Deep Impact,https://www.imdb.com/title/tt0120647/?ref_=sr_t_305
Saturday Night,https://www.imdb.com/title/tt27657135/?ref_=sr_t_306
The Usual Suspects,https://www.imdb.com/title/tt0114814/?ref_=sr_t_307
Catch Me If You Can,https://www.imdb.com/title/tt0264464/?ref_=sr_t_308
Sin City,https://www.imdb.com/title/tt0401792/?ref_=sr_t_309
Sicario,https://www.imdb.com/title/tt3397884/?ref_=sr_t_310
Killers of the Flower Moon,https://www.imdb.com/title/tt5537002/?ref_=sr_t_311
Bring Her Back,https://www.imdb.com/title/tt32246771/?ref_=sr_t_312
"The Good, the Bad and the Ugly",https://www.imdb.com/title/tt0060196/?ref_=sr_t_313
Iron Man,https://www.imdb.com/title/tt0371746/?ref_=sr_t_314
Thor: Love and Thunder,https://www.imdb.com/title/tt10648342/?ref_=sr_t_315
Mad Max: Fury Road,https://www.imdb.com/title/tt1392190/?ref_=sr_t_316
Queer,https://www.imdb.com/title/tt24176060/?ref_=sr_t_317
Taxi Driver,https://www.imdb.com/title/tt0075314/?ref_=sr_t_318
Dungeons & Dragons: Honor Among Thieves,https://www.imdb.com/title/tt2906216/?ref_=sr_t_319
Hit Man,https://www.imdb.com/title/tt20215968/?ref_=sr_t_320
Don't Worry Darling,https://www.imdb.com/title/tt10731256/?ref_=sr_t_321
Star Wars: Episode VI - Return of the Jedi,https://www.imdb.com/title/tt0086190/?ref_=sr_t_322
Irreversible,https://www.imdb.com/title/tt0290673/?ref_=sr_t_323
Star Wars: Episode VII - The Force Awakens,https://www.imdb.com/title/tt2488496/?ref_=sr_t_324
Scorned,https://www.imdb.com/title/tt0111093/?ref_=sr_t_325
Terrifier 3,https://www.imdb.com/title/tt27911000/?ref_=sr_t_326
Black Panther,https://www.imdb.com/title/tt1825683/?ref_=sr_t_327
Fast Times at Ridgemont High,https://www.imdb.com/title/tt0083929/?ref_=sr_t_328
Shutter Island,https://www.imdb.com/title/tt1130884/?ref_=sr_t_329
Past Lives,https://www.imdb.com/title/tt13238346/?ref_=sr_t_330
The Iron Claw,https://www.imdb.com/title/tt21064584/?ref_=sr_t_331
Abigail,https://www.imdb.com/title/tt27489557/?ref_=sr_t_332
Clueless,https://www.imdb.com/title/tt0112697/?ref_=sr_t_333
The Outsiders,https://www.imdb.com/title/tt0086066/?ref_=sr_t_334
The Man from Earth,https://www.imdb.com/title/tt0756683/?ref_=sr_t_335
It Feeds,https://www.imdb.com/title/tt28230296/?ref_=sr_t_336
Jaws,https://www.imdb.com/title/tt0073195/?ref_=sr_t_337
City of God,https://www.imdb.com/title/tt0317248/?ref_=sr_t_338
Spirited Away,https://www.imdb.com/title/tt0245429/?ref_=sr_t_339
Day of Reckoning,https://www.imdb.com/title/tt35317668/?ref_=sr_t_340
Watchmen,https://www.imdb.com/title/tt0409459/?ref_=sr_t_341
Blade Runner,https://www.imdb.com/title/tt0083658/?ref_=sr_t_342
Spider-Man,https://www.imdb.com/title/tt0145487/?ref_=sr_t_343
Better Man,https://www.imdb.com/title/tt14260836/?ref_=sr_t_344
Teenage Mutant Ninja Turtles: The Rise of Leo,https://www.imdb.com/title/tt36270018/?ref_=sr_t_345
The Godfather Part II,https://www.imdb.com/title/tt0071562/?ref_=sr_t_346
The Terminator,https://www.imdb.com/title/tt0088247/?ref_=sr_t_347
Subservience,https://www.imdb.com/title/tt24871974/?ref_=sr_t_348
Indiana Jones and the Last Crusade,https://www.imdb.com/title/tt0097576/?ref_=sr_t_349
There Will Be Blood,https://www.imdb.com/title/tt0469494/?ref_=sr_t_350
Shadow Force,https://www.imdb.com/title/tt11092020/?ref_=sr_t_351
The Help,https://www.imdb.com/title/tt1454029/?ref_=sr_t_352
Mission: Impossible - Fallout,https://www.imdb.com/title/tt4912910/?ref_=sr_t_353
Her,https://www.imdb.com/title/tt1798709/?ref_=sr_t_354
Memento,https://www.imdb.com/title/tt0209144/?ref_=sr_t_355
Ford v Ferrari,https://www.imdb.com/title/tt1950186/?ref_=sr_t_356
One Battle After Another,https://www.imdb.com/title/tt30144839/?ref_=sr_t_357
Marching Powder,https://www.imdb.com/title/tt30324320/?ref_=sr_t_358
Harry Potter and the Goblet of Fire,https://www.imdb.com/title/tt0330373/?ref_=sr_t_359
Back in Action,https://www.imdb.com/title/tt21191806/?ref_=sr_t_360
The Hunger Games: Catching Fire,https://www.imdb.com/title/tt1951264/?ref_=sr_t_361
Star Wars: Episode IX - The Rise of Skywalker,https://www.imdb.com/title/tt2527338/?ref_=sr_t_362
Aliens,https://www.imdb.com/title/tt0090605/?ref_=sr_t_363
Jurassic World Dominion,https://www.imdb.com/title/tt8041270/?ref_=sr_t_364
Havoc,https://www.imdb.com/title/tt0285175/?ref_=sr_t_365
One of Them Days,https://www.imdb.com/title/tt32221196/?ref_=sr_t_366
Y2K,https://www.imdb.com/title/tt27218960/?ref_=sr_t_367
Hell or High Water,https://www.imdb.com/title/tt2582782/?ref_=sr_t_368
The Northman,https://www.imdb.com/title/tt11138512/?ref_=sr_t_369
One Flew Over the Cuckoo's Nest,https://www.imdb.com/title/tt0073486/?ref_=sr_t_370
Legend,https://www.imdb.com/title/tt3569230/?ref_=sr_t_371
Casablanca,https://www.imdb.com/title/tt0034583/?ref_=sr_t_372
Elevation,https://www.imdb.com/title/tt23558280/?ref_=sr_t_373
Predator,https://www.imdb.com/title/tt0093773/?ref_=sr_t_374
Just Go with It,https://www.imdb.com/title/tt1564367/?ref_=sr_t_375
The Thing,https://www.imdb.com/title/tt0084787/?ref_=sr_t_376
The Menu,https://www.imdb.com/title/tt9764362/?ref_=sr_t_377
The Shining,https://www.imdb.com/title/tt0081505/?ref_=sr_t_378
Independence Day,https://www.imdb.com/title/tt0116629/?ref_=sr_t_379
Superbad,https://www.imdb.com/title/tt0829482/?ref_=sr_t_380
The Super Mario Bros. Movie,https://www.imdb.com/title/tt6718170/?ref_=sr_t_381
Arrival,https://www.imdb.com/title/tt2543164/?ref_=sr_t_382
I Know What You Did Last Summer,https://www.imdb.com/title/tt0119345/?ref_=sr_t_383
Final Destination 2,https://www.imdb.com/title/tt0309593/?ref_=sr_t_384
Borderlands,https://www.imdb.com/title/tt4978420/?ref_=sr_t_385
Oddity,https://www.imdb.com/title/tt26470109/?ref_=sr_t_386
Wolfs,https://www.imdb.com/title/tt14257582/?ref_=sr_t_387
There's Something About Mary,https://www.imdb.com/title/tt0129387/?ref_=sr_t_388
The Beach,https://www.imdb.com/title/tt0163978/?ref_=sr_t_389
The Equalizer,https://www.imdb.com/title/tt0455944/?ref_=sr_t_390
Full Metal Jacket,https://www.imdb.com/title/tt0093058/?ref_=sr_t_391
Mission: Impossible - Ghost Protocol,https://www.imdb.com/title/tt1229238/?ref_=sr_t_392
Mob Land,https://www.imdb.com/title/tt20424130/?ref_=sr_t_393
Eddington,https://www.imdb.com/title/tt31176520/?ref_=sr_t_394
American History X,https://www.imdb.com/title/tt0120586/?ref_=sr_t_395
Bonjour Tristesse,https://www.imdb.com/title/tt27774999/?ref_=sr_t_396
Beetlejuice Beetlejuice,https://www.imdb.com/title/tt2049403/?ref_=sr_t_397
The Big Lebowski,https://www.imdb.com/title/tt0118715/?ref_=sr_t_398
The Big Short,https://www.imdb.com/title/tt1596363/?ref_=sr_t_399
Cars,https://www.imdb.com/title/tt0317219/?ref_=sr_t_400
The Bikeriders,https://www.imdb.com/title/tt21454134/?ref_=sr_t_401
Blue Is the Warmest Colour,https://www.imdb.com/title/tt2278871/?ref_=sr_t_402
Eternals,https://www.imdb.com/title/tt9032400/?ref_=sr_t_403
Nymphomaniac: Vol. I,https://www.imdb.com/title/tt1937390/?ref_=sr_t_404
Baby Driver,https://www.imdb.com/title/tt3890160/?ref_=sr_t_405
The Sixth Sense,https://www.imdb.com/title/tt0167404/?ref_=sr_t_406
Atonement,https://www.imdb.com/title/tt0783233/?ref_=sr_t_407
The Avengers,https://www.imdb.com/title/tt0848228/?ref_=sr_t_408
Asteroid City,https://www.imdb.com/title/tt14230388/?ref_=sr_t_409
Ocean's Eleven,https://www.imdb.com/title/tt0240772/?ref_=sr_t_410
Mulholland Drive,https://www.imdb.com/title/tt0166924/?ref_=sr_t_411
Troy,https://www.imdb.com/title/tt0332452/?ref_=sr_t_412
American Sniper,https://www.imdb.com/title/tt2179136/?ref_=sr_t_413
Braveheart,https://www.imdb.com/title/tt0112573/?ref_=sr_t_414
Vanilla Sky,https://www.imdb.com/title/tt0259711/?ref_=sr_t_415
The Grand Budapest Hotel,https://www.imdb.com/title/tt2278388/?ref_=sr_t_416
Captain America: The First Avenger,https://www.imdb.com/title/tt0458339/?ref_=sr_t_417
Challengers,https://www.imdb.com/title/tt16426418/?ref_=sr_t_418
Mission: Impossible II,https://www.imdb.com/title/tt0120755/?ref_=sr_t_419
The Lion King,https://www.imdb.com/title/tt0110357/?ref_=sr_t_420
Crimes of the Future,https://www.imdb.com/title/tt14549466/?ref_=sr_t_421
The Suicide Squad,https://www.imdb.com/title/tt6334354/?ref_=sr_t_422
Babylon,https://www.imdb.com/title/tt10640346/?ref_=sr_t_423
Paprika,https://www.imdb.com/title/tt0098063/?ref_=sr_t_424
Kill Bill: Vol. 1,https://www.imdb.com/title/tt0266697/?ref_=sr_t_425
The Hangover,https://www.imdb.com/title/tt1119646/?ref_=sr_t_426
La La Land,https://www.imdb.com/title/tt3783958/?ref_=sr_t_427
Kindergarten Cop,https://www.imdb.com/title/tt0099938/?ref_=sr_t_428
28 Weeks Later,https://www.imdb.com/title/tt0463854/?ref_=sr_t_429
Operation Fortune: Ruse de Guerre,https://www.imdb.com/title/tt7985704/?ref_=sr_t_430
Dead Poets Society,https://www.imdb.com/title/tt0097165/?ref_=sr_t_431
Napoleon Dynamite,https://www.imdb.com/title/tt0374900/?ref_=sr_t_432
The Devil's Advocate,https://www.imdb.com/title/tt0118971/?ref_=sr_t_433
Happy Gilmore,https://www.imdb.com/title/tt0116483/?ref_=sr_t_434
Lee,https://www.imdb.com/title/tt5112584/?ref_=sr_t_435
Pearl,https://www.imdb.com/title/tt18925334/?ref_=sr_t_436
Airplane!,https://www.imdb.com/title/tt0080339/?ref_=sr_t_437
Homestead,https://www.imdb.com/title/tt29137778/?ref_=sr_t_438
Ready Player One,https://www.imdb.com/title/tt1677720/?ref_=sr_t_439
Ready or Not,https://www.imdb.com/title/tt7798634/?ref_=sr_t_440
Malena,https://www.imdb.com/title/tt0213847/?ref_=sr_t_441
The Heartbreak Kid,https://www.imdb.com/title/tt0408839/?ref_=sr_t_442
Stand by Me,https://www.imdb.com/title/tt0092005/?ref_=sr_t_443
Reservoir Dogs,https://www.imdb.com/title/tt0105236/?ref_=sr_t_444
Star Trek: Section 31,https://www.imdb.com/title/tt9603060/?ref_=sr_t_445
Jumanji,https://www.imdb.com/title/tt0113497/?ref_=sr_t_446
Saltburn,https://www.imdb.com/title/tt17351924/?ref_=sr_t_447
Mission: Impossible III,https://www.imdb.com/title/tt0317919/?ref_=sr_t_448
Alita: Battle Angel,https://www.imdb.com/title/tt0437086/?ref_=sr_t_449
Culpa Mía,https://www.imdb.com/title/tt21909764/?ref_=sr_t_450
The Room Next Door,https://www.imdb.com/title/tt29439114/?ref_=sr_t_451
Manchester by the Sea,https://www.imdb.com/title/tt4034228/?ref_=sr_t_452
Court - State Vs. A Nobody,https://www.imdb.com/title/tt33307144/?ref_=sr_t_453
The Equalizer 3,https://www.imdb.com/title/tt17024450/?ref_=sr_t_454
War of the Worlds,https://www.imdb.com/title/tt0407304/?ref_=sr_t_455
The Raid: Redemption,https://www.imdb.com/title/tt1899353/?ref_=sr_t_456
Almost Famous,https://www.imdb.com/title/tt0181875/?ref_=sr_t_457
The Fifth Element,https://www.imdb.com/title/tt0119116/?ref_=sr_t_458
Transformers,https://www.imdb.com/title/tt0418279/?ref_=sr_t_459
Black Panther: Wakanda Forever,https://www.imdb.com/title/tt9114286/?ref_=sr_t_460
Woman of the Hour,https://www.imdb.com/title/tt7737800/?ref_=sr_t_461
Tron: Legacy,https://www.imdb.com/title/tt1104001/?ref_=sr_t_462
Madame Web,https://www.imdb.com/title/tt11057302/?ref_=sr_t_463
Totally Killer,https://www.imdb.com/title/tt11426232/?ref_=sr_t_464
Smile,https://www.imdb.com/title/tt15474916/?ref_=sr_t_465
Harry Potter and the Deathly Hallows: Part 2,https://www.imdb.com/title/tt1201607/?ref_=sr_t_466
Interview with the Vampire,https://www.imdb.com/title/tt0110148/?ref_=sr_t_467
Final Destination 3,https://www.imdb.com/title/tt0414982/?ref_=sr_t_468
Black Swan,https://www.imdb.com/title/tt0947798/?ref_=sr_t_469
Constantine,https://www.imdb.com/title/tt0360486/?ref_=sr_t_470
Little Women,https://www.imdb.com/title/tt3281548/?ref_=sr_t_471
Idiocracy,https://www.imdb.com/title/tt0387808/?ref_=sr_t_472
Red Eye,https://www.imdb.com/title/tt0421239/?ref_=sr_t_473
Megan Is Missing,https://www.imdb.com/title/tt1087461/?ref_=sr_t_474
Nobody,https://www.imdb.com/title/tt7888964/?ref_=sr_t_475
Joker,https://www.imdb.com/title/tt7286456/?ref_=sr_t_476
The Karate Kid,https://www.imdb.com/title/tt0087538/?ref_=sr_t_477
Indiana Jones and the Temple of Doom,https://www.imdb.com/title/tt0087469/?ref_=sr_t_478
The Girl Next Door,https://www.imdb.com/title/tt0265208/?ref_=sr_t_479
1917,https://www.imdb.com/title/tt8579674/?ref_=sr_t_480
Grown Ups,https://www.imdb.com/title/tt1375670/?ref_=sr_t_481
The Voyeurs,https://www.imdb.com/title/tt11235772/?ref_=sr_t_482
Death Becomes Her,https://www.imdb.com/title/tt0104070/?ref_=sr_t_483
Avatar,https://www.imdb.com/title/tt0499549/?ref_=sr_t_484
Legally Blonde,https://www.imdb.com/title/tt0250494/?ref_=sr_t_485
EuroTrip,https://www.imdb.com/title/tt0356150/?ref_=sr_t_486
Fargo,https://www.imdb.com/title/tt0116282/?ref_=sr_t_487
Stargate,https://www.imdb.com/title/tt0111282/?ref_=sr_t_488
The Mummy,https://www.imdb.com/title/tt0120616/?ref_=sr_t_489
Dora and the Lost City of Gold,https://www.imdb.com/title/tt7547410/?ref_=sr_t_490
Clue,https://www.imdb.com/title/tt0088930/?ref_=sr_t_491
Once Upon a Time in America,https://www.imdb.com/title/tt0087843/?ref_=sr_t_492
The Gift,https://www.imdb.com/title/tt4178092/?ref_=sr_t_493
Rush,https://www.imdb.com/title/tt1979320/?ref_=sr_t_494
Avatar: The Way of Water,https://www.imdb.com/title/tt1630029/?ref_=sr_t_495
The Final Destination,https://www.imdb.com/title/tt1144884/?ref_=sr_t_496
Rebel Ridge,https://www.imdb.com/title/tt11301886/?ref_=sr_t_497
Bridget Jones: Mad About the Boy,https://www.imdb.com/title/tt32063050/?ref_=sr_t_498
The Comeback Trail,https://www.imdb.com/title/tt5420210/?ref_=sr_t_499
The Hateful Eight,https://www.imdb.com/title/tt3460252/?ref_=sr_t_500
2001: A Space Odyssey,https://www.imdb.com/title/tt0062622/?ref_=sr_t_501
The Covenant,https://www.imdb.com/title/tt4873118/?ref_=sr_t_502
True Grit,https://www.imdb.com/title/tt1403865/?ref_=sr_t_503
Memories of Murder,https://www.imdb.com/title/tt0353969/?ref_=sr_t_504
Tenet,https://www.imdb.com/title/tt6723592/?ref_=sr_t_505
Indiana Jones and the Dial of Destiny,https://www.imdb.com/title/tt1462764/?ref_=sr_t_506
Divergent,https://www.imdb.com/title/tt1840309/?ref_=sr_t_507
Hallow Road,https://www.imdb.com/title/tt19403516/?ref_=sr_t_508
The Smashing Machine,https://www.imdb.com/title/tt0320512/?ref_=sr_t_509
Fruitvale Station,https://www.imdb.com/title/tt2334649/?ref_=sr_t_510
A Time to Kill,https://www.imdb.com/title/tt0117913/?ref_=sr_t_511
Prometheus,https://www.imdb.com/title/tt1446714/?ref_=sr_t_512
Casino,https://www.imdb.com/title/tt0112641/?ref_=sr_t_513
Joker: Folie à Deux,https://www.imdb.com/title/tt11315808/?ref_=sr_t_514
Uncle Buck,https://www.imdb.com/title/tt0098554/?ref_=sr_t_515
Unforgiven,https://www.imdb.com/title/tt0105695/?ref_=sr_t_516
Willow,https://www.imdb.com/title/tt0096446/?ref_=sr_t_517
Me Before You,https://www.imdb.com/title/tt2674426/?ref_=sr_t_518
500 Days of Summer,https://www.imdb.com/title/tt1022603/?ref_=sr_t_519
Scream,https://www.imdb.com/title/tt0117571/?ref_=sr_t_520
Us,https://www.imdb.com/title/tt6857112/?ref_=sr_t_521
The Secret Life of Walter Mitty,https://www.imdb.com/title/tt0359950/?ref_=sr_t_522
Mr. Nobody,https://www.imdb.com/title/tt0485947/?ref_=sr_t_523
Lilo & Stitch,https://www.imdb.com/title/tt0275847/?ref_=sr_t_524
Fast X,https://www.imdb.com/title/tt5433140/?ref_=sr_t_525
Frewaka,https://www.imdb.com/title/tt27828550/?ref_=sr_t_526
Life Is Beautiful,https://www.imdb.com/title/tt0118799/?ref_=sr_t_527
Good Bad Ugly,https://www.imdb.com/title/tt27540217/?ref_=sr_t_528
Knock Knock,https://www.imdb.com/title/tt3605418/?ref_=sr_t_529
Deadpool,https://www.imdb.com/title/tt1431045/?ref_=sr_t_530
Warrior,https://www.imdb.com/title/tt1291584/?ref_=sr_t_531
Final Destination 5,https://www.imdb.com/title/tt1622979/?ref_=sr_t_532
Promising Young Woman,https://www.imdb.com/title/tt9620292/?ref_=sr_t_533
Come and See,https://www.imdb.com/title/tt0091251/?ref_=sr_t_534
Downfall,https://www.imdb.com/title/tt0363163/?ref_=sr_t_535
Kingsman: The Golden Circle,https://www.imdb.com/title/tt4649466/?ref_=sr_t_536
Angels & Demons,https://www.imdb.com/title/tt0808151/?ref_=sr_t_537
Train to Busan,https://www.imdb.com/title/tt5700672/?ref_=sr_t_538
Brokeback Mountain,https://www.imdb.com/title/tt0388795/?ref_=sr_t_539
2073,https://www.imdb.com/title/tt22042346/?ref_=sr_t_540
Basic Instinct,https://www.imdb.com/title/tt0103772/?ref_=sr_t_541
The Great Gatsby,https://www.imdb.com/title/tt1343092/?ref_=sr_t_542
Zodiac,https://www.imdb.com/title/tt0443706/?ref_=sr_t_543
RoboCop,https://www.imdb.com/title/tt0093870/?ref_=sr_t_544
Kinds of Kindness,https://www.imdb.com/title/tt22408160/?ref_=sr_t_545
The Raid 2,https://www.imdb.com/title/tt2265171/?ref_=sr_t_546
Grown Ups 2,https://www.imdb.com/title/tt2191701/?ref_=sr_t_547
Pan's Labyrinth,https://www.imdb.com/title/tt0457430/?ref_=sr_t_548
The Intouchables,https://www.imdb.com/title/tt1675434/?ref_=sr_t_549
The Blue Lagoon,https://www.imdb.com/title/tt0080453/?ref_=sr_t_550
Minority Report,https://www.imdb.com/title/tt0181689/?ref_=sr_t_551
Apocalypto,https://www.imdb.com/title/tt0472043/?ref_=sr_t_552
A Different Man,https://www.imdb.com/title/tt21097228/?ref_=sr_t_553
Mamma Mia!,https://www.imdb.com/title/tt0795421/?ref_=sr_t_554
Glass Onion,https://www.imdb.com/title/tt11564570/?ref_=sr_t_555
Wind River,https://www.imdb.com/title/tt5362988/?ref_=sr_t_556
Costao,https://www.imdb.com/title/tt13261550/?ref_=sr_t_557
Black Hawk Down,https://www.imdb.com/title/tt0265086/?ref_=sr_t_558
Love & Other Drugs,https://www.imdb.com/title/tt0758752/?ref_=sr_t_559
Homefront,https://www.imdb.com/title/tt2312718/?ref_=sr_t_560
About Time,https://www.imdb.com/title/tt2194499/?ref_=sr_t_561
Sisters,https://www.imdb.com/title/tt1850457/?ref_=sr_t_562
300,https://www.imdb.com/title/tt0416449/?ref_=sr_t_563
Starship Troopers,https://www.imdb.com/title/tt0120201/?ref_=sr_t_564
The Equalizer 2,https://www.imdb.com/title/tt3766354/?ref_=sr_t_565
Sneaks,https://www.imdb.com/title/tt9254940/?ref_=sr_t_566
The Conjuring,https://www.imdb.com/title/tt1457767/?ref_=sr_t_567
Captain America: The Winter Soldier,https://www.imdb.com/title/tt1843866/?ref_=sr_t_568
Love Hurts,https://www.imdb.com/title/tt30788842/?ref_=sr_t_569
"The Chronicles of Narnia: The Lion, the Witch and the Wardrobe",https://www.imdb.com/title/tt0363771/?ref_=sr_t_570
Home Alone,https://www.imdb.com/title/tt0099785/?ref_=sr_t_571
Jumanji: Welcome to the Jungle,https://www.imdb.com/title/tt2283362/?ref_=sr_t_572
A Clockwork Orange,https://www.imdb.com/title/tt0066921/?ref_=sr_t_573
Dunkirk,https://www.imdb.com/title/tt5013056/?ref_=sr_t_574
Alarum,https://www.imdb.com/title/tt31456973/?ref_=sr_t_575
We're the Millers,https://www.imdb.com/title/tt1723121/?ref_=sr_t_576
Drive,https://www.imdb.com/title/tt0780504/?ref_=sr_t_577
The Unholy Trinity,https://www.imdb.com/title/tt6300910/?ref_=sr_t_578
Love Lies Bleeding,https://www.imdb.com/title/tt19637052/?ref_=sr_t_579
The Witch,https://www.imdb.com/title/tt4263482/?ref_=sr_t_580
A Knight's Tale,https://www.imdb.com/title/tt0183790/?ref_=sr_t_581
The Place Beyond the Pines,https://www.imdb.com/title/tt1817273/?ref_=sr_t_582
Transformers One,https://www.imdb.com/title/tt8864596/?ref_=sr_t_583
The Fugitive,https://www.imdb.com/title/tt0106977/?ref_=sr_t_584
21 Jump Street,https://www.imdb.com/title/tt1232829/?ref_=sr_t_585
Spider-Man: Into the Spider-Verse,https://www.imdb.com/title/tt4633694/?ref_=sr_t_586
Monty Python and the Holy Grail,https://www.imdb.com/title/tt0071853/?ref_=sr_t_587
Sixteen Candles,https://www.imdb.com/title/tt0088128/?ref_=sr_t_588
Platoon,https://www.imdb.com/title/tt0091763/?ref_=sr_t_589
The Lord of the Rings: The Two Towers,https://www.imdb.com/title/tt0167261/?ref_=sr_t_590
Amadeus,https://www.imdb.com/title/tt0086879/?ref_=sr_t_591
"Three Billboards Outside Ebbing, Missouri",https://www.imdb.com/title/tt5027774/?ref_=sr_t_592
Mob Cops,https://www.imdb.com/title/tt31186851/?ref_=sr_t_593
The Hobbit: An Unexpected Journey,https://www.imdb.com/title/tt0903624/?ref_=sr_t_594
Point Break,https://www.imdb.com/title/tt0102685/?ref_=sr_t_595
Five Nights at Freddy's,https://www.imdb.com/title/tt4589218/?ref_=sr_t_596
Hacksaw Ridge,https://www.imdb.com/title/tt2119532/?ref_=sr_t_597
The Rose of Versailles,https://www.imdb.com/title/tt21996220/?ref_=sr_t_598
Inside Out 2,https://www.imdb.com/title/tt22022452/?ref_=sr_t_599
The Age of Adaline,https://www.imdb.com/title/tt1655441/?ref_=sr_t_600
Ratatouille,https://www.imdb.com/title/tt0382932/?ref_=sr_t_601
Thor: Ragnarok,https://www.imdb.com/title/tt3501632/?ref_=sr_t_602
Shallow Hal,https://www.imdb.com/title/tt0256380/?ref_=sr_t_603
Star Wars: Episode VIII - The Last Jedi,https://www.imdb.com/title/tt2527336/?ref_=sr_t_604
Landmine Goes Click,https://www.imdb.com/title/tt2186848/?ref_=sr_t_605
Jurassic World,https://www.imdb.com/title/tt0369610/?ref_=sr_t_606
Harry Potter and the Prisoner of Azkaban,https://www.imdb.com/title/tt0304141/?ref_=sr_t_607
Call Me by Your Name,https://www.imdb.com/title/tt5726616/?ref_=sr_t_608
The Game,https://www.imdb.com/title/tt0119174/?ref_=sr_t_609
Hidden Figures,https://www.imdb.com/title/tt4846340/?ref_=sr_t_610
Split,https://www.imdb.com/title/tt4972582/?ref_=sr_t_611
Y tu mamá también,https://www.imdb.com/title/tt0245574/?ref_=sr_t_612
Martyrs,https://www.imdb.com/title/tt1029234/?ref_=sr_t_613
Here,https://www.imdb.com/title/tt18272208/?ref_=sr_t_614
If Only,https://www.imdb.com/title/tt0332136/?ref_=sr_t_615
Stardust,https://www.imdb.com/title/tt0486655/?ref_=sr_t_616
Popeye: The Slayer Man,https://www.imdb.com/title/tt30956852/?ref_=sr_t_617
Gunslingers,https://www.imdb.com/title/tt24850708/?ref_=sr_t_618
Unfaithful,https://www.imdb.com/title/tt0250797/?ref_=sr_t_619
Secretary,https://www.imdb.com/title/tt0274812/?ref_=sr_t_620
True Romance,https://www.imdb.com/title/tt0108399/?ref_=sr_t_621
Edge of Tomorrow,https://www.imdb.com/title/tt1631867/?ref_=sr_t_622
Total Recall,https://www.imdb.com/title/tt0100802/?ref_=sr_t_623
I Spit on Your Grave,https://www.imdb.com/title/tt1242432/?ref_=sr_t_624
Ex Machina,https://www.imdb.com/title/tt0470752/?ref_=sr_t_625
The Toxic Avenger,https://www.imdb.com/title/tt1633359/?ref_=sr_t_626
Once Upon a Time in the West,https://www.imdb.com/title/tt0064116/?ref_=sr_t_627
No Time to Die,https://www.imdb.com/title/tt2382320/?ref_=sr_t_628
Superman,https://www.imdb.com/title/tt0078346/?ref_=sr_t_629
The Ballad of Wallis Island,https://www.imdb.com/title/tt27674982/?ref_=sr_t_630
The Hunt,https://www.imdb.com/title/tt2106476/?ref_=sr_t_631
The Rule of Jenny Pen,https://www.imdb.com/title/tt6874690/?ref_=sr_t_632
Mission: Impossible - Rogue Nation,https://www.imdb.com/title/tt2381249/?ref_=sr_t_633
Horizon: An American Saga - Chapter 1,https://www.imdb.com/title/tt17505010/?ref_=sr_t_634
Sing,https://www.imdb.com/title/tt3470600/?ref_=sr_t_635
The Pianist,https://www.imdb.com/title/tt0253474/?ref_=sr_t_636
Creed,https://www.imdb.com/title/tt3076658/?ref_=sr_t_637
Grave of the Fireflies,https://www.imdb.com/title/tt0095327/?ref_=sr_t_638
Charlie and the Chocolate Factory,https://www.imdb.com/title/tt0367594/?ref_=sr_t_639
The Sound of Music,https://www.imdb.com/title/tt0059742/?ref_=sr_t_640
The Martian,https://www.imdb.com/title/tt3659388/?ref_=sr_t_641
Despicable Me 4,https://www.imdb.com/title/tt7510222/?ref_=sr_t_642
Old School,https://www.imdb.com/title/tt0302886/?ref_=sr_t_643
White Chicks,https://www.imdb.com/title/tt0381707/?ref_=sr_t_644
The Girl with the Dragon Tattoo,https://www.imdb.com/title/tt1568346/?ref_=sr_t_645
Terminator: Dark Fate,https://www.imdb.com/title/tt6450804/?ref_=sr_t_646
Kids,https://www.imdb.com/title/tt0113540/?ref_=sr_t_647
The Revenant,https://www.imdb.com/title/tt1663202/?ref_=sr_t_648
The Family I Had,https://www.imdb.com/title/tt6098546/?ref_=sr_t_649
The Predator,https://www.imdb.com/title/tt3829266/?ref_=sr_t_650
Poltergeist,https://www.imdb.com/title/tt0084516/?ref_=sr_t_651
Lie with Me,https://www.imdb.com/title/tt0418832/?ref_=sr_t_652
Juliet & Romeo,https://www.imdb.com/title/tt26597666/?ref_=sr_t_653
Only the Brave,https://www.imdb.com/title/tt3829920/?ref_=sr_t_654
Wrong Turn,https://www.imdb.com/title/tt0295700/?ref_=sr_t_655
The Wedding Banquet,https://www.imdb.com/title/tt32214413/?ref_=sr_t_656
A Beautiful Mind,https://www.imdb.com/title/tt0268978/?ref_=sr_t_657
Mid90s,https://www.imdb.com/title/tt5613484/?ref_=sr_t_658
September 5,https://www.imdb.com/title/tt28082769/?ref_=sr_t_659
Fury,https://www.imdb.com/title/tt2713180/?ref_=sr_t_660
The Perks of Being a Wallflower,https://www.imdb.com/title/tt1659337/?ref_=sr_t_661
Anatomy of a Fall,https://www.imdb.com/title/tt17009710/?ref_=sr_t_662
Notting Hill,https://www.imdb.com/title/tt0125439/?ref_=sr_t_663
Don't Look Up,https://www.imdb.com/title/tt11286314/?ref_=sr_t_664
Free Guy,https://www.imdb.com/title/tt6264654/?ref_=sr_t_665
Sisu,https://www.imdb.com/title/tt14846026/?ref_=sr_t_666
Avengers: Age of Ultron,https://www.imdb.com/title/tt2395427/?ref_=sr_t_667
The General's Daughter,https://www.imdb.com/title/tt0144214/?ref_=sr_t_668
Moana,https://www.imdb.com/title/tt3521164/?ref_=sr_t_669
The Last Showgirl,https://www.imdb.com/title/tt31193791/?ref_=sr_t_670
Your Name.,https://www.imdb.com/title/tt5311514/?ref_=sr_t_671
Home Sweet Home: Rebirth,https://www.imdb.com/title/tt29425792/?ref_=sr_t_672
Harry Potter and the Chamber of Secrets,https://www.imdb.com/title/tt0295297/?ref_=sr_t_673
Moneyball,https://www.imdb.com/title/tt1210166/?ref_=sr_t_674
A Dog's Way Home,https://www.imdb.com/title/tt7616798/?ref_=sr_t_675
Return to Silent Hill,https://www.imdb.com/title/tt22868010/?ref_=sr_t_676
Die Alone,https://www.imdb.com/title/tt21097192/?ref_=sr_t_677
Scary Movie,https://www.imdb.com/title/tt0175142/?ref_=sr_t_678
Deva,https://www.imdb.com/title/tt27852049/?ref_=sr_t_679
Princess Mononoke,https://www.imdb.com/title/tt0119698/?ref_=sr_t_680
Perfect Days,https://www.imdb.com/title/tt27503384/?ref_=sr_t_681
Friday,https://www.imdb.com/title/tt0113118/?ref_=sr_t_682
The Greatest Showman,https://www.imdb.com/title/tt1485796/?ref_=sr_t_683
Nonnas,https://www.imdb.com/title/tt28309594/?ref_=sr_t_684
Uncut Gems,https://www.imdb.com/title/tt5727208/?ref_=sr_t_685
Blue Velvet,https://www.imdb.com/title/tt0090756/?ref_=sr_t_686
Ferris Bueller's Day Off,https://www.imdb.com/title/tt0091042/?ref_=sr_t_687
"Good Luck to You, Leo Grande",https://www.imdb.com/title/tt13352968/?ref_=sr_t_688
You're Cordially Invited,https://www.imdb.com/title/tt21227864/?ref_=sr_t_689
Harry Potter and the Order of the Phoenix,https://www.imdb.com/title/tt0373889/?ref_=sr_t_690
I Saw the TV Glow,https://www.imdb.com/title/tt15574270/?ref_=sr_t_691
Armageddon,https://www.imdb.com/title/tt0120591/?ref_=sr_t_692
Psycho,https://www.imdb.com/title/tt0054215/?ref_=sr_t_693
Wonka,https://www.imdb.com/title/tt6166392/?ref_=sr_t_694
Men in Black,https://www.imdb.com/title/tt0119654/?ref_=sr_t_695
The Da Vinci Code,https://www.imdb.com/title/tt0382625/?ref_=sr_t_696
The Wizard of Oz,https://www.imdb.com/title/tt0032138/?ref_=sr_t_697
Chronicle,https://www.imdb.com/title/tt1706593/?ref_=sr_t_698
School of Rock,https://www.imdb.com/title/tt0332379/?ref_=sr_t_699
Bridge to Terabithia,https://www.imdb.com/title/tt0398808/?ref_=sr_t_700
Ghosted,https://www.imdb.com/title/tt15326988/?ref_=sr_t_701
Thor,https://www.imdb.com/title/tt0800369/?ref_=sr_t_702
Trainspotting,https://www.imdb.com/title/tt0117951/?ref_=sr_t_703
The Human Centipede (First Sequence),https://www.imdb.com/title/tt1467304/?ref_=sr_t_704
Tremors,https://www.imdb.com/title/tt0100814/?ref_=sr_t_705
The Irishman,https://www.imdb.com/title/tt1302006/?ref_=sr_t_706
Terrifier,https://www.imdb.com/title/tt4281724/?ref_=sr_t_707
Aftersun,https://www.imdb.com/title/tt19770238/?ref_=sr_t_708
Veera Dheera Sooran: Part 2,https://www.imdb.com/title/tt29606499/?ref_=sr_t_709
Runaway Jury,https://www.imdb.com/title/tt0313542/?ref_=sr_t_710
The Hill,https://www.imdb.com/title/tt8051894/?ref_=sr_t_711
The Little Mermaid,https://www.imdb.com/title/tt5971474/?ref_=sr_t_712
Captain America: Civil War,https://www.imdb.com/title/tt3498820/?ref_=sr_t_713
Cruel Intentions,https://www.imdb.com/title/tt0139134/?ref_=sr_t_714
The Faculty,https://www.imdb.com/title/tt0133751/?ref_=sr_t_715
It's a Mad Mad Mad Mad World,https://www.imdb.com/title/tt0057193/?ref_=sr_t_716
The Salt Path,https://www.imdb.com/title/tt27766440/?ref_=sr_t_717
The Idea of You,https://www.imdb.com/title/tt9466114/?ref_=sr_t_718
Shrek,https://www.imdb.com/title/tt0126029/?ref_=sr_t_719
Lucky Baskhar,https://www.imdb.com/title/tt27540542/?ref_=sr_t_720
The Cabin in the Woods,https://www.imdb.com/title/tt1259521/?ref_=sr_t_721
The Last Stop in Yuma County,https://www.imdb.com/title/tt11674730/?ref_=sr_t_722
The Gray Man,https://www.imdb.com/title/tt1649418/?ref_=sr_t_723
The Marvels,https://www.imdb.com/title/tt10676048/?ref_=sr_t_724
Ne Zha 2,https://www.imdb.com/title/tt34956443/?ref_=sr_t_725
Cheech & Chong's Last Movie,https://www.imdb.com/title/tt30833959/?ref_=sr_t_726
The Exorcist,https://www.imdb.com/title/tt0070047/?ref_=sr_t_727
Children of Men,https://www.imdb.com/title/tt0206634/?ref_=sr_t_728
Eden Lake,https://www.imdb.com/title/tt1020530/?ref_=sr_t_729
Shang-Chi and the Legend of the Ten Rings,https://www.imdb.com/title/tt9376612/?ref_=sr_t_730
Amélie,https://www.imdb.com/title/tt0211915/?ref_=sr_t_731
Jojo Rabbit,https://www.imdb.com/title/tt2584384/?ref_=sr_t_732
Into the Wild,https://www.imdb.com/title/tt0758758/?ref_=sr_t_733
The Ritual,https://www.imdb.com/title/tt32194932/?ref_=sr_t_734
Nickel Boys,https://www.imdb.com/title/tt23055660/?ref_=sr_t_735
Draft Day,https://www.imdb.com/title/tt2223990/?ref_=sr_t_736
Dracula,https://www.imdb.com/title/tt0103874/?ref_=sr_t_737
Meet Joe Black,https://www.imdb.com/title/tt0119643/?ref_=sr_t_738
Black Adam,https://www.imdb.com/title/tt6443346/?ref_=sr_t_739
Desire,https://www.imdb.com/title/tt1879030/?ref_=sr_t_740
Uncharted,https://www.imdb.com/title/tt1464335/?ref_=sr_t_741
Palm Springs,https://www.imdb.com/title/tt9484998/?ref_=sr_t_742
Kung Fu Panda,https://www.imdb.com/title/tt0441773/?ref_=sr_t_743
The Social Network,https://www.imdb.com/title/tt1285016/?ref_=sr_t_744
Office Space,https://www.imdb.com/title/tt0151804/?ref_=sr_t_745
The Tomorrow War,https://www.imdb.com/title/tt9777666/?ref_=sr_t_746
A Serbian Film,https://www.imdb.com/title/tt1273235/?ref_=sr_t_747
Fresh,https://www.imdb.com/title/tt13403046/?ref_=sr_t_748
Salem's Lot,https://www.imdb.com/title/tt10245072/?ref_=sr_t_749
The Holdovers,https://www.imdb.com/title/tt14849194/?ref_=sr_t_750
Boogie Nights,https://www.imdb.com/title/tt0118749/?ref_=sr_t_751
Pretty Woman,https://www.imdb.com/title/tt0100405/?ref_=sr_t_752
Doctor Strange in the Multiverse of Madness,https://www.imdb.com/title/tt9419884/?ref_=sr_t_753
The Mask,https://www.imdb.com/title/tt0110475/?ref_=sr_t_754
The Incredible Hulk,https://www.imdb.com/title/tt0800080/?ref_=sr_t_755
The Sandlot,https://www.imdb.com/title/tt0108037/?ref_=sr_t_756
Booksmart,https://www.imdb.com/title/tt1489887/?ref_=sr_t_757
The Expendables 4,https://www.imdb.com/title/tt3291150/?ref_=sr_t_758
The Zone of Interest,https://www.imdb.com/title/tt7160372/?ref_=sr_t_759
V for Vendetta,https://www.imdb.com/title/tt0434409/?ref_=sr_t_760
Scent of a Woman,https://www.imdb.com/title/tt0105323/?ref_=sr_t_761
Beetlejuice,https://www.imdb.com/title/tt0094721/?ref_=sr_t_762
Passengers,https://www.imdb.com/title/tt1355644/?ref_=sr_t_763
Carrie,https://www.imdb.com/title/tt0074285/?ref_=sr_t_764
Marked Men,https://www.imdb.com/title/tt26452781/?ref_=sr_t_765
The Fast and the Furious,https://www.imdb.com/title/tt0232500/?ref_=sr_t_766
The Virgin Suicides,https://www.imdb.com/title/tt0159097/?ref_=sr_t_767
Sing Sing,https://www.imdb.com/title/tt28479262/?ref_=sr_t_768
The Whale,https://www.imdb.com/title/tt13833688/?ref_=sr_t_769
The Naked Gun: From the Files of Police Squad!,https://www.imdb.com/title/tt0095705/?ref_=sr_t_770
The Hunt,https://www.imdb.com/title/tt8244784/?ref_=sr_t_771
Lucy,https://www.imdb.com/title/tt2872732/?ref_=sr_t_772
In a Violent Nature,https://www.imdb.com/title/tt30321146/?ref_=sr_t_773
Casino Royale,https://www.imdb.com/title/tt0381061/?ref_=sr_t_774
Predestination,https://www.imdb.com/title/tt2397535/?ref_=sr_t_775
Easy A,https://www.imdb.com/title/tt1282140/?ref_=sr_t_776
Sacramento,https://www.imdb.com/title/tt13491834/?ref_=sr_t_777
The Last Voyage of the Demeter,https://www.imdb.com/title/tt1001520/?ref_=sr_t_778
My Cousin Vinny,https://www.imdb.com/title/tt0104952/?ref_=sr_t_779
Howl's Moving Castle,https://www.imdb.com/title/tt0347149/?ref_=sr_t_780
The Devil Wears Prada,https://www.imdb.com/title/tt0458352/?ref_=sr_t_781
Bad Boys: Ride or Die,https://www.imdb.com/title/tt4919268/?ref_=sr_t_782
Spaceballs,https://www.imdb.com/title/tt0094012/?ref_=sr_t_783
Emmanuelle,https://www.imdb.com/title/tt20247888/?ref_=sr_t_784
Solo: A Star Wars Story,https://www.imdb.com/title/tt3778644/?ref_=sr_t_785
Venom,https://www.imdb.com/title/tt1270797/?ref_=sr_t_786
Beauty and the Beast,https://www.imdb.com/title/tt2771200/?ref_=sr_t_787
Love Actually,https://www.imdb.com/title/tt0314331/?ref_=sr_t_788
All Quiet on the Western Front,https://www.imdb.com/title/tt1016150/?ref_=sr_t_789
The Lighthouse,https://www.imdb.com/title/tt7984734/?ref_=sr_t_790
E.T. the Extra-Terrestrial,https://www.imdb.com/title/tt0083866/?ref_=sr_t_791
Alien: Covenant,https://www.imdb.com/title/tt2316204/?ref_=sr_t_792
Zootopia,https://www.imdb.com/title/tt2948356/?ref_=sr_t_793
Gangs of New York,https://www.imdb.com/title/tt0217505/?ref_=sr_t_794
The Day the Earth Blew Up: A Looney Tunes Movie,https://www.imdb.com/title/tt15352542/?ref_=sr_t_795
Sicario: Day of the Soldado,https://www.imdb.com/title/tt5052474/?ref_=sr_t_796
A Few Good Men,https://www.imdb.com/title/tt0104257/?ref_=sr_t_797
M3GAN,https://www.imdb.com/title/tt8760708/?ref_=sr_t_798
Police Academy,https://www.imdb.com/title/tt0087928/?ref_=sr_t_799
The Six Triple Eight,https://www.imdb.com/title/tt24458622/?ref_=sr_t_800
Nightcrawler,https://www.imdb.com/title/tt2872718/?ref_=sr_t_801
The Imitation Game,https://www.imdb.com/title/tt2084970/?ref_=sr_t_802
The Lives of Others,https://www.imdb.com/title/tt0405094/?ref_=sr_t_803
All of Us Strangers,https://www.imdb.com/title/tt21192142/?ref_=sr_t_804
The Last Duel,https://www.imdb.com/title/tt4244994/?ref_=sr_t_805
Jack Reacher,https://www.imdb.com/title/tt0790724/?ref_=sr_t_806
The Killer,https://www.imdb.com/title/tt1136617/?ref_=sr_t_807
The Incredibles,https://www.imdb.com/title/tt0317705/?ref_=sr_t_808
Borderline,https://www.imdb.com/title/tt13650814/?ref_=sr_t_809
Les Misérables,https://www.imdb.com/title/tt1707386/?ref_=sr_t_810
Scott Pilgrim vs. the World,https://www.imdb.com/title/tt0446029/?ref_=sr_t_811
Dune,https://www.imdb.com/title/tt0087182/?ref_=sr_t_812
My Old Ass,https://www.imdb.com/title/tt18559464/?ref_=sr_t_813
The Deer Hunter,https://www.imdb.com/title/tt0077416/?ref_=sr_t_814
Fantastic Four,https://www.imdb.com/title/tt0120667/?ref_=sr_t_815
Baywatch,https://www.imdb.com/title/tt1469304/?ref_=sr_t_816
X-Men,https://www.imdb.com/title/tt0120903/?ref_=sr_t_817
Die Hard,https://www.imdb.com/title/tt0095016/?ref_=sr_t_818
Speed,https://www.imdb.com/title/tt0111257/?ref_=sr_t_819
Late Night with the Devil,https://www.imdb.com/title/tt14966898/?ref_=sr_t_820
The Last of the Mohicans,https://www.imdb.com/title/tt0104691/?ref_=sr_t_821
Spotlight,https://www.imdb.com/title/tt1895587/?ref_=sr_t_822
Dead Mail,https://www.imdb.com/title/tt26474783/?ref_=sr_t_823
The Boy and the Heron,https://www.imdb.com/title/tt6587046/?ref_=sr_t_824
L.A. Confidential,https://www.imdb.com/title/tt0119488/?ref_=sr_t_825
Shazam! Fury of the Gods,https://www.imdb.com/title/tt10151854/?ref_=sr_t_826
Ant-Man and the Wasp,https://www.imdb.com/title/tt5095030/?ref_=sr_t_827
Triangle of Sadness,https://www.imdb.com/title/tt7322224/?ref_=sr_t_828
West Side Story,https://www.imdb.com/title/tt3581652/?ref_=sr_t_829
Bad Times at the El Royale,https://www.imdb.com/title/tt6628394/?ref_=sr_t_830
Argylle,https://www.imdb.com/title/tt15009428/?ref_=sr_t_831
Training Day,https://www.imdb.com/title/tt0139654/?ref_=sr_t_832
Summer of 69,https://www.imdb.com/title/tt32378300/?ref_=sr_t_833
The Patriot,https://www.imdb.com/title/tt0187393/?ref_=sr_t_834
MadS,https://www.imdb.com/title/tt28821371/?ref_=sr_t_835
Crazy Rich Asians,https://www.imdb.com/title/tt3104988/?ref_=sr_t_836
Hot Tub Time Machine,https://www.imdb.com/title/tt1231587/?ref_=sr_t_837
3 Idiots,https://www.imdb.com/title/tt1187043/?ref_=sr_t_838
Logan,https://www.imdb.com/title/tt3315342/?ref_=sr_t_839
Coco,https://www.imdb.com/title/tt2380307/?ref_=sr_t_840
Emilia Pérez,https://www.imdb.com/title/tt20221436/?ref_=sr_t_841
Toy Story,https://www.imdb.com/title/tt0114709/?ref_=sr_t_842
Survive,https://www.imdb.com/title/tt27032708/?ref_=sr_t_843
The King's Man,https://www.imdb.com/title/tt6856242/?ref_=sr_t_844
For Your Eyes Only,https://www.imdb.com/title/tt0082398/?ref_=sr_t_845
The Nice Guys,https://www.imdb.com/title/tt3799694/?ref_=sr_t_846
The Maze Runner,https://www.imdb.com/title/tt1790864/?ref_=sr_t_847
Caddo Lake,https://www.imdb.com/title/tt15552142/?ref_=sr_t_848
Coherence,https://www.imdb.com/title/tt2866360/?ref_=sr_t_849
The Lost World: Jurassic Park,https://www.imdb.com/title/tt0119567/?ref_=sr_t_850
Spider-Man: Homecoming,https://www.imdb.com/title/tt2250912/?ref_=sr_t_851
,https://www.imdb.com/title/tt0251127/?ref_=sr_t_852
Shooter,https://www.imdb.com/title/tt0822854/?ref_=sr_t_853
Ghostbusters,https://www.imdb.com/title/tt0087332/?ref_=sr_t_854
How to Make Millions Before Grandma Dies,https://www.imdb.com/title/tt31392609/?ref_=sr_t_855
Bring It On,https://www.imdb.com/title/tt0204946/?ref_=sr_t_856
Event Horizon,https://www.imdb.com/title/tt0119081/?ref_=sr_t_857
Transformers: The Last Knight,https://www.imdb.com/title/tt3371366/?ref_=sr_t_858
Frozen,https://www.imdb.com/title/tt2294629/?ref_=sr_t_859
Good Boy,https://www.imdb.com/title/tt35521922/?ref_=sr_t_860
The Lost Boys,https://www.imdb.com/title/tt0093437/?ref_=sr_t_861
After,https://www.imdb.com/title/tt4126476/?ref_=sr_t_862
Van Helsing,https://www.imdb.com/title/tt0338526/?ref_=sr_t_863
Puss in Boots: The Last Wish,https://www.imdb.com/title/tt3915174/?ref_=sr_t_864
The Wedding Singer,https://www.imdb.com/title/tt0120888/?ref_=sr_t_865
The Magnificent Seven,https://www.imdb.com/title/tt2404435/?ref_=sr_t_866
A Quiet Place: Day One,https://www.imdb.com/title/tt13433802/?ref_=sr_t_867
Psycho Therapy: The Shallow Tale of a Writer Who Decided to Write About a Serial Killer,https://www.imdb.com/title/tt17492148/?ref_=sr_t_868
Taken,https://www.imdb.com/title/tt0936501/?ref_=sr_t_869
Man of Steel,https://www.imdb.com/title/tt0770828/?ref_=sr_t_870
Wifelike,https://www.imdb.com/title/tt15978956/?ref_=sr_t_871
Beautiful Boy,https://www.imdb.com/title/tt1226837/?ref_=sr_t_872
IF,https://www.imdb.com/title/tt11152168/?ref_=sr_t_873
Sense and Sensibility,https://www.imdb.com/title/tt0114388/?ref_=sr_t_874
The Parent Trap,https://www.imdb.com/title/tt0120783/?ref_=sr_t_875
Finding Nemo,https://www.imdb.com/title/tt0266543/?ref_=sr_t_876
Iron Man 2,https://www.imdb.com/title/tt1228705/?ref_=sr_t_877
Cinderella,https://www.imdb.com/title/tt1661199/?ref_=sr_t_878
Kneecap,https://www.imdb.com/title/tt27367464/?ref_=sr_t_879
Little Miss Sunshine,https://www.imdb.com/title/tt0449059/?ref_=sr_t_880
Star Trek,https://www.imdb.com/title/tt0796366/?ref_=sr_t_881
Hook,https://www.imdb.com/title/tt0102057/?ref_=sr_t_882
2012,https://www.imdb.com/title/tt1190080/?ref_=sr_t_883
Harry Potter and the Deathly Hallows: Part 1,https://www.imdb.com/title/tt0926084/?ref_=sr_t_884
The Lord of the Rings: The War of the Rohirrim,https://www.imdb.com/title/tt14824600/?ref_=sr_t_885
Demolition,https://www.imdb.com/title/tt1172049/?ref_=sr_t_886
Fantastic Mr. Fox,https://www.imdb.com/title/tt0432283/?ref_=sr_t_887
Top Secret!,https://www.imdb.com/title/tt0088286/?ref_=sr_t_888
Jerry Maguire,https://www.imdb.com/title/tt0116695/?ref_=sr_t_889
Pirates of the Caribbean: Dead Men Tell No Tales,https://www.imdb.com/title/tt1790809/?ref_=sr_t_890
The Elephant Man,https://www.imdb.com/title/tt0080678/?ref_=sr_t_891
The Crow,https://www.imdb.com/title/tt1340094/?ref_=sr_t_892
Pirates of the Caribbean: Dead Man's Chest,https://www.imdb.com/title/tt0383574/?ref_=sr_t_893
Red One,https://www.imdb.com/title/tt14948432/?ref_=sr_t_894
Ground Zero,https://www.imdb.com/title/tt28377588/?ref_=sr_t_895
Batman,https://www.imdb.com/title/tt0096895/?ref_=sr_t_896
Fantastic Four,https://www.imdb.com/title/tt1502712/?ref_=sr_t_897
Predators,https://www.imdb.com/title/tt1424381/?ref_=sr_t_898
Ted,https://www.imdb.com/title/tt1637725/?ref_=sr_t_899
Caveat,https://www.imdb.com/title/tt7917178/?ref_=sr_t_900
Hamilton,https://www.imdb.com/title/tt8503618/?ref_=sr_t_901
Oblivion,https://www.imdb.com/title/tt1483013/?ref_=sr_t_902
"Lock, Stock and Two Smoking Barrels",https://www.imdb.com/title/tt0120735/?ref_=sr_t_903
Weird Science,https://www.imdb.com/title/tt0090305/?ref_=sr_t_904
Fantastic Beasts and Where to Find Them,https://www.imdb.com/title/tt3183660/?ref_=sr_t_905
Pink Floyd: Live at Pompeii,https://www.imdb.com/title/tt0069090/?ref_=sr_t_906
In Time,https://www.imdb.com/title/tt1637688/?ref_=sr_t_907
Contagion,https://www.imdb.com/title/tt1598778/?ref_=sr_t_908
Raid,https://www.imdb.com/title/tt7363076/?ref_=sr_t_909
Inside Man,https://www.imdb.com/title/tt0454848/?ref_=sr_t_910
Rain Man,https://www.imdb.com/title/tt0095953/?ref_=sr_t_911
Cast Away,https://www.imdb.com/title/tt0162222/?ref_=sr_t_912
Lost in Translation,https://www.imdb.com/title/tt0335266/?ref_=sr_t_913
Red Sparrow,https://www.imdb.com/title/tt2873282/?ref_=sr_t_914
Kingdom of the Planet of the Apes,https://www.imdb.com/title/tt11389872/?ref_=sr_t_915
WALL·E,https://www.imdb.com/title/tt0910970/?ref_=sr_t_916
Pale Rider,https://www.imdb.com/title/tt0089767/?ref_=sr_t_917
Iron Man 3,https://www.imdb.com/title/tt1300854/?ref_=sr_t_918
The Old Guard 2,https://www.imdb.com/title/tt14961624/?ref_=sr_t_919
Saw,https://www.imdb.com/title/tt0387564/?ref_=sr_t_920
The Rocky Horror Picture Show,https://www.imdb.com/title/tt0073629/?ref_=sr_t_921
The Rock,https://www.imdb.com/title/tt0117500/?ref_=sr_t_922
Death Proof,https://www.imdb.com/title/tt1028528/?ref_=sr_t_923
Mystic River,https://www.imdb.com/title/tt0327056/?ref_=sr_t_924
Opus,https://www.imdb.com/title/tt29929565/?ref_=sr_t_925
Geostorm,https://www.imdb.com/title/tt1981128/?ref_=sr_t_926
Dogma,https://www.imdb.com/title/tt0120655/?ref_=sr_t_927
Underwater,https://www.imdb.com/title/tt5774060/?ref_=sr_t_928
13 Hours: The Secret Soldiers of Benghazi,https://www.imdb.com/title/tt4172430/?ref_=sr_t_929
Margin Call,https://www.imdb.com/title/tt1615147/?ref_=sr_t_930
Zack Snyder's Justice League,https://www.imdb.com/title/tt12361974/?ref_=sr_t_931
Gone with the Wind,https://www.imdb.com/title/tt0031381/?ref_=sr_t_932
Nightbitch,https://www.imdb.com/title/tt12810074/?ref_=sr_t_933
It's What's Inside,https://www.imdb.com/title/tt14577874/?ref_=sr_t_934
The Abyss,https://www.imdb.com/title/tt0096754/?ref_=sr_t_935
Tangled,https://www.imdb.com/title/tt0398286/?ref_=sr_t_936
The 40-Year-Old Virgin,https://www.imdb.com/title/tt0405422/?ref_=sr_t_937
Wedding Crashers,https://www.imdb.com/title/tt0396269/?ref_=sr_t_938
Ben-Hur,https://www.imdb.com/title/tt0052618/?ref_=sr_t_939
Deadpool 2,https://www.imdb.com/title/tt5463162/?ref_=sr_t_940
Napoleon,https://www.imdb.com/title/tt13287846/?ref_=sr_t_941
A Quiet Place,https://www.imdb.com/title/tt6644200/?ref_=sr_t_942
Hot Fuzz,https://www.imdb.com/title/tt0425112/?ref_=sr_t_943
Willy Wonka & the Chocolate Factory,https://www.imdb.com/title/tt0067992/?ref_=sr_t_944
Ant-Man and the Wasp: Quantumania,https://www.imdb.com/title/tt10954600/?ref_=sr_t_945
The Last Rodeo,https://www.imdb.com/title/tt30908405/?ref_=sr_t_946
12 Years a Slave,https://www.imdb.com/title/tt2024544/?ref_=sr_t_947
Instant Family,https://www.imdb.com/title/tt7401588/?ref_=sr_t_948
Secretariat,https://www.imdb.com/title/tt1028576/?ref_=sr_t_949
Rocky,https://www.imdb.com/title/tt0075148/?ref_=sr_t_950
The Lion King,https://www.imdb.com/title/tt6105098/?ref_=sr_t_951
Tusk,https://www.imdb.com/title/tt3099498/?ref_=sr_t_952
The Flash,https://www.imdb.com/title/tt0439572/?ref_=sr_t_953
Black Mirror: Bandersnatch,https://www.imdb.com/title/tt9495224/?ref_=sr_t_954
"Girl, Interrupted",https://www.imdb.com/title/tt0172493/?ref_=sr_t_955
Coyote Ugly,https://www.imdb.com/title/tt0200550/?ref_=sr_t_956
Holes,https://www.imdb.com/title/tt0311289/?ref_=sr_t_957
Hannibal,https://www.imdb.com/title/tt0212985/?ref_=sr_t_958
Thirteen,https://www.imdb.com/title/tt0328538/?ref_=sr_t_959
The Dark Tower,https://www.imdb.com/title/tt1648190/?ref_=sr_t_960
The Descent,https://www.imdb.com/title/tt0435625/?ref_=sr_t_961
Erin Brockovich,https://www.imdb.com/title/tt0195685/?ref_=sr_t_962
Aladdin,https://www.imdb.com/title/tt6139732/?ref_=sr_t_963
X-Men: First Class,https://www.imdb.com/title/tt1270798/?ref_=sr_t_964
Man on Fire,https://www.imdb.com/title/tt0328107/?ref_=sr_t_965
Last Night in Soho,https://www.imdb.com/title/tt9639470/?ref_=sr_t_966
The Fast and the Furious: Tokyo Drift,https://www.imdb.com/title/tt0463985/?ref_=sr_t_967
Dirty Dancing,https://www.imdb.com/title/tt0092890/?ref_=sr_t_968
La cocina,https://www.imdb.com/title/tt19864832/?ref_=sr_t_969
"Monsters, Inc.",https://www.imdb.com/title/tt0198781/?ref_=sr_t_970
Mr. & Mrs. Smith,https://www.imdb.com/title/tt0356910/?ref_=sr_t_971
Blended,https://www.imdb.com/title/tt1086772/?ref_=sr_t_972
Death on the Nile,https://www.imdb.com/title/tt7657566/?ref_=sr_t_973
Not Another Teen Movie,https://www.imdb.com/title/tt0277371/?ref_=sr_t_974
Fly Me to the Moon,https://www.imdb.com/title/tt1896747/?ref_=sr_t_975
9 Songs,https://www.imdb.com/title/tt0411705/?ref_=sr_t_976
Peter Pan's Neverland Nightmare,https://www.imdb.com/title/tt21955520/?ref_=sr_t_977
World War Z,https://www.imdb.com/title/tt0816711/?ref_=sr_t_978
The Watchers,https://www.imdb.com/title/tt26736843/?ref_=sr_t_979
Drive-Away Dolls,https://www.imdb.com/title/tt19356262/?ref_=sr_t_980
Priscilla,https://www.imdb.com/title/tt22041854/?ref_=sr_t_981
The Ritual,https://www.imdb.com/title/tt5638642/?ref_=sr_t_982
Shame,https://www.imdb.com/title/tt1723811/?ref_=sr_t_983
The King,https://www.imdb.com/title/tt7984766/?ref_=sr_t_984
Nocturnal Animals,https://www.imdb.com/title/tt4550098/?ref_=sr_t_985
The Prince of Egypt,https://www.imdb.com/title/tt0120794/?ref_=sr_t_986
Purple Hearts,https://www.imdb.com/title/tt4614584/?ref_=sr_t_987
Bring Them Down,https://www.imdb.com/title/tt14186876/?ref_=sr_t_988
Licorice Pizza,https://www.imdb.com/title/tt11271038/?ref_=sr_t_989
Murder on the Orient Express,https://www.imdb.com/title/tt3402236/?ref_=sr_t_990
La Dolce Villa,https://www.imdb.com/title/tt31519456/?ref_=sr_t_991
Perfect Blue,https://www.imdb.com/title/tt0156887/?ref_=sr_t_992
The Banshees of Inisherin,https://www.imdb.com/title/tt11813216/?ref_=sr_t_993
The Bourne Identity,https://www.imdb.com/title/tt0258463/?ref_=sr_t_994
The Curious Case of Benjamin Button,https://www.imdb.com/title/tt0421715/?ref_=sr_t_995
The Perfect Storm,https://www.imdb.com/title/tt0177971/?ref_=sr_t_996
Tinker Tailor Soldier Spy,https://www.imdb.com/title/tt1340800/?ref_=sr_t_997
King Kong,https://www.imdb.com/title/tt0360717/?ref_=sr_t_998
"Husband, Father, Killer: The Alyssa Pladl Story",https://www.imdb.com/title/tt33353846/?ref_=sr_t_999
Godzilla x Kong: The New Empire,https://www.imdb.com/title/tt14539740/?ref_=sr_t_1000
